t,x_pred,y_pred
6.0,59.67175721358635,45.80429515568341
6.036024016010674,59.70447445936174,45.81950474518667
6.072048032021348,59.73725435394136,45.834597094651784
6.108072048032021,59.77009687557192,45.84957224478749
6.144096064042695,59.80300199510928,45.86443025013375
6.180120080053369,59.83596967601037,45.879171179076664
6.216144096064043,59.8689998743262,45.89379511386177
6.252168112074717,59.90209253869549,45.90830215060577
6.28819212808539,59.93524761033933,45.922692399306634
6.324216144096064,59.96846502305664,45.93696598385211
6.360240160106738,60.00174470322048,45.951123042026516
6.396264176117412,60.03508656977529,45.96516372551607
6.432288192128086,60.06849053423488,45.97908819991245
6.468312208138759,60.10195650068145,45.99289664471481
6.504336224149433,60.135484365765365,46.00658925333016
6.540360240160107,60.169074018705786,46.02016623307206
6.576384256170781,60.20272534129232,46.033627805157714
6.6124082721814545,60.23643820788735,46.046974204703446
6.648432288192128,60.270212485429425,46.060205680718504
6.684456304202802,60.30404803343738,46.073322496097234
6.7204803202134755,60.337944704015435,46.0863249276096
6.7565043362241495,60.37190234185911,46.099213265890086
6.792528352234823,60.40592078426206,46.11198781542491
6.8285523682454965,60.439999861123766,46.12464889453766
6.8645763842561704,60.47413939495814,46.13719683537316
6.900600400266844,60.50833920090292,46.14963198387987
6.936624416277518,60.54259908673009,46.161954699790435
6.972648432288192,60.57691885285707,46.174165356600746
7.008672448298865,60.611298292358796,46.186264341547265
7.044696464309539,60.645737190980746,46.19825205558271
7.080720480320213,60.680235327152786,46.21012891335013
7.116744496330887,60.71479247200391,46.22189534315532
7.152768512341561,60.749408389377884,46.233551786937504
7.188792528352234,60.78408283584976,46.24509870023853
7.224816544362908,60.81881556074324,46.256536552170274
7.260840560373582,60.85360630614896,46.26786582538048
7.296864576384256,60.888454806943614,46.279087016016945
7.33288859239493,60.92336079081001,46.29020063369001
7.368912608405603,60.95832397825792,46.301207201433506
7.404936624416278,60.99334408264591,46.31210725566396
7.440960640426951,61.02842081020392,46.32290134613827
7.476984656437625,61.06355386005682,46.33359003590965
7.513008672448299,61.09874292424882,46.34417390128201
7.549032688458972,61.133987687768666,46.354653531762686
7.585056704469647,61.16928782857583,46.36502953001354
7.62108072048032,61.20464301762746,46.37530251180045
7.657104736490994,61.240052918906244,46.385473105941195
7.693128752501668,61.27551718944915,46.39554195425169
7.729152768512341,61.31103547937698,46.405509711490645
7.765176784523016,61.34660743192483,46.41537704530259
7.801200800533689,61.38223268347335,46.42514463615935
7.837224816544363,61.41791086358092,46.434813177299844
7.873248832555037,61.45364159501665,46.444383374668355
7.909272848565711,61.48942449379419,46.45385594685119
7.945296864576385,61.52525916920647,46.463231625011744
7.981320880587058,61.561145223861196,46.47251115282403
8.01734489659773,61.59708225371724,46.48169528640459
8.053368912608406,61.63306984812187,46.490784794242835
8.089392928619079,61.66910758984875,46.49978045712989
8.125416944629754,61.70519505513687,46.5086830680858
8.161440960640427,61.74133181373022,46.51749343228526
8.197464976651101,61.77751742891832,46.52621236698173
8.233488992661774,61.81375145757758,46.5348407014301
8.269513008672448,61.850033450213466,46.543379276807734
8.305537024683122,61.88636295100348,46.55182894613408
8.341561040693795,61.92273949784094,46.56019057418867
8.377585056704469,61.95916262237958,46.568465037427714
8.413609072715143,61.99563185007897,46.576653223899115
8.449633088725816,62.032146700250685,46.584756033156026
8.485657104736491,62.0687066861053,46.59277437616892
8.521681120747164,62.105311314800176,46.60070917523615
8.55770513675784,62.141960087488016,46.60856136389312
8.593729152768512,62.17865249936621,46.61633188681992
8.629753168779185,62.21538803972695,46.624021699747495
8.66577718478986,62.25216619200815,46.631631769362464
8.701801200800533,62.28898643384503,46.63916307321045
8.737825216811206,62.32584823712264,46.64661659959794
8.773849232821881,62.362751068028935,46.65399334749282
8.809873248832556,62.39969438710875,46.66129432642344
8.845897264843229,62.43667764931846,46.668520556376286
8.881921280853902,62.47370030408141,46.67567306769235
8.917945296864577,62.51076179534404,46.68275290096195
8.95396931287525,62.54786156163276,46.6897611069184
8.989993328885923,62.58499903611157,46.696698746330114
9.026017344896598,62.62217364664038,46.70356688989155
9.062041360907271,62.65938481583403,46.71036661811267
9.098065376917944,62.69663196112205,46.717099021207176
9.134089392928619,62.73391449480909,46.72376519897941
9.170113408939294,62.77123182413605,46.730366260709864
9.206137424949967,62.80858335134193,46.73690332503961
9.24216144096064,62.845968473726316,46.743377519853176
9.278185456971315,62.883386583712586,46.749789982160415
9.314209472981988,62.920837068911766,46.756141857976914
9.35023348899266,62.95831931218703,46.762434302203324
9.386257505003336,62.99583269171891,46.76866847850334
9.422281521014009,63.03337658107109,46.774845559180534
9.458305537024682,63.07095034925691,46.780966725053936
9.494329553035357,63.10855336080647,46.78703316533246
9.530353569046031,63.14618497583433,46.79304607748815
9.566377585056705,63.183844550107935,46.79900666712821
9.602401601067378,63.22153143511656,46.804916147865946
9.638425617078052,63.2592449781409,46.81077574119055
9.674449633088726,63.29698452232326,46.81658667633569
9.710473649099399,63.33474940673834,46.82235019014711
9.746497665110073,63.37253896646464,46.82806752694905
9.782521681120746,63.41035253265633,46.833739938409565
9.818545697131421,63.44818943261588,46.83936868340483
9.854569713142094,63.48604898986703,46.844955027882385
9.89059372915277,63.52393052422855,46.85050024472327
9.926617745163442,63.56183335188834,46.856005613603244
9.962641761174115,63.59975678547822,46.86147242085287
9.99866577718479,63.637700134149185,46.86690195931669
10.034689793195463,63.67566270364718,46.872295528211396
10.070713809206136,63.713643796389405,46.877654432983
10.106737825216811,63.75164271154117,46.88297998516312
10.142761841227486,63.78965874509319,46.888273502224244
10.178785857238157,63.82769118993937,46.893536307434154
10.214809873248832,63.865739335955155,46.898769729709365
10.250833889259507,63.90380247007624,46.90397510346778
10.28685790527018,63.94187987637787,46.90915376848034
10.322881921280853,63.97997083615445,46.914307069721936
10.358905937291528,64.01807462799978,46.9194363572214
10.394929953302201,64.05619052788758,46.92454298591072
10.430953969312874,64.09431780925252,46.929628315473394
10.466977985323549,64.13245574307167,46.93469371019208
10.503002001334224,64.17060359794638,46.93974053879535
10.539026017344895,64.20876064018444,46.94477017430378
10.57505003335557,64.24692613388288,46.94978399387529
10.611074049366245,64.28509934101088,46.95478337864973
10.647098065376918,64.32327952149329,46.95976971359268
10.683122081387591,64.36146593329435,46.964744387338804
10.719146097398266,64.39965783250192,46.969708792034254
10.755170113408939,64.43785447341185,46.97466432317856
10.791194129419612,64.47605510861297,46.97961237946589
10.827218145430287,64.51425898907218,46.98455436262564
10.863242161440962,64.55246536421993,46.989491677262436
10.899266177451633,64.59067348203605,46.99442573069559
10.935290193462308,64.62888258913594,46.999357932797906
10.971314209472983,64.6670919308568,47.00428969583402
11.007338225483656,64.70530075134444,47.00922243429818
11.043362241494329,64.74350829364025,47.01415756475151
11.079386257505003,64.78171379976834,47.019096505658744
11.115410273515677,64.81991651082306,47.0240406772246
11.15143428952635,64.85811566705675,47.02899150122952
11.187458305537024,64.89631050796766,47.03395040086518
11.2234823215477,64.93450027238812,47.03891880056937
11.25950633755837,64.97268419857295,47.04389812586065
11.295530353569045,65.0108615242881,47.04888980317251
11.33155436957972,65.04903148689935,47.0538952596872
11.367578385590393,65.08719332346138,47.05891592316927
11.403602401601066,65.12534627080683,47.063953221798684
11.439626417611741,65.16348956563573,47.06900858400368
11.475650433622414,65.20162244460484,47.07408343829339
11.511674449633087,65.23974414441733,47.0791792130901
11.547698465643762,65.27785390191252,47.084297336561335
11.583722481654437,65.31595095415577,47.08943923645167
11.61974649766511,65.35403453852835,47.09460633991434
11.655770513675783,65.39210389281766,47.09980007334271
11.691794529686458,65.43015825530728,47.105021862201475
11.727818545697131,65.4681968648673,47.11027313085781
11.763842561707804,65.50621896104462,47.115555302412325
11.799866577718479,65.54422378415332,47.12086979852994
11.835890593729152,65.58221057536508,47.126218039270626
11.871914609739825,65.62017857679967,47.13160144292014
11.9079386257505,65.65812703161546,47.137021425820656
11.943962641761175,65.6960551840999,47.14247940220138
11.979986657771848,65.73396227976005,47.14797678400912
12.016010673782521,65.77184756541311,47.153514980738954
12.052034689793196,65.80971028927692,47.159095399264785
12.088058705803869,65.84754970106044,47.164719443670116
12.124082721814542,65.88536505205418,47.17038851507869
12.160106737825217,65.9231555952206,47.176104011485414
12.19613075383589,65.96092058528451,47.18186732758724
12.232154769846563,65.9986592788232,47.187679854614274
12.268178785857238,66.03637093435677,47.19354298016094
12.304202801867913,66.07405481243819,47.199458088017415
12.340226817878586,66.11171017574328,47.205426558001164
12.376250833889259,66.14933628916064,47.211449765788714
12.412274849899934,66.1869324198814,47.21752908274766
12.448298865910607,66.22449783748885,47.22366587576892
12.48432288192128,66.26203181404797,47.229861507099244
12.520346897931955,66.29953362419477,47.23611733417402
12.556370913942628,66.33700254522542,47.24243470945037
12.5923949299533,66.37443785718533,47.24881498024062
12.628418945963976,66.4118388429579,47.25525948854603
12.66444296197465,66.44920478835323,47.26176957089102
12.700466977985323,66.4865349821964,47.26834655815764
12.736490993995996,66.52382871641582,47.27499177542057
12.772515010006671,66.56108528613109,47.281706541782455
12.808539026017344,66.59830398974077,47.288492170209764
12.844563042028017,66.63548412900985,47.29534996736906
12.880587058038692,66.67262500915703,47.30228123346378
12.916611074049365,66.70972593894156,47.30928726207153
12.952635090060038,66.74678623074996,47.31636933998189
12.988659106070713,66.78380520068242,47.32352874703477
13.024683122081388,66.82078216863886,47.33076675595937
13.060707138092061,66.85771645840464,47.33808463221364
13.096731154102734,66.89460739773604,47.345483633824465
13.132755170113409,66.93145431844536,47.35296501122836
13.168779186124082,66.96825655648564,47.36053000711289
13.204803202134755,67.00501345203509,47.368179856258735
13.24082721814543,67.04172434958107,47.37591578538241
13.276851234156105,67.07838859800385,47.38373901297975
13.312875250166776,67.11500555065976,47.391650749170054
13.348899266177451,67.15157456546412,47.39965219554103
13.384923282188126,67.18809500497368,47.40774454499443
13.420947298198799,67.22456623646869,47.415928981592586
13.456971314209472,67.26098763203451,47.42420668040559
13.492995330220147,67.29735856864275,47.43257880735949
13.52901934623082,67.33367842823206,47.44104651908507
13.565043362241493,67.36994659778834,47.44961096276779
13.601067378252168,67.40616246942457,47.45827327599834
13.637091394262843,67.44232544046015,47.46703458662422
13.673115410273514,67.47843491349967,47.47589601260229
13.709139426284189,67.51449029651133,47.484858661852066
13.745163442294864,67.55049100290465,47.49392363211016
13.781187458305537,67.58643645160788,47.5030920107856
13.81721147431621,67.62232606714475,47.51236487481614
13.853235490326885,67.65815927971065,47.52174329052561
13.889259506337558,67.69393552524835,47.53122831348228
13.92528352234823,67.72965424552316,47.54082098835823
13.961307538358906,67.76531488819748,47.55052234878986
13.99733155436958,67.80091690690469,47.56033341723944
14.033355570380253,67.83645976132271,47.570255204857716
14.069379586390927,67.87194291724666,47.58028871134772
14.105403602401601,67.90736584666108,47.59043492482966
14.141427618412274,67.9427280278116,47.60069482170695
14.177451634422948,67.97802894527575,47.61106936653349
14.213475650433622,68.01326809003338,47.62155951188201
14.249499666444295,68.04844495953628,47.632166198213724
14.28552368245497,68.08355905777724,47.64289035374916
14.321547698465643,68.11860989535833,47.65373289434023
14.357571714476316,68.15359698955874,47.66469472334358
14.393595730486991,68.18851986440157,47.67577673149516
14.429619746497664,68.22337805072036,47.68697979678617
14.46564376250834,68.25817108622458,47.69830478434019
14.501667778519012,68.29289851556457,47.70975254629177
14.537691794529685,68.32755989039579,47.72132392166625
14.57371581054036,68.3621547694422,47.73301973626098
14.609739826551033,68.39668271855908,47.74484080252791
14.645763842561708,68.43114331079502,47.75678791945759
14.681787858572381,68.46553612645313,47.76886187246448
14.717811874583054,68.49986075315158,47.7810634332738
14.753835890593729,68.5341167858833,47.79339335980977
14.789859906604402,68.56830382707493,47.805852396085186
14.825883922615077,68.60242148664503,47.818441272092706
14.86190793862575,68.63646938206142,47.831160703697314
14.897931954636423,68.67044713839776,47.84401139253059
14.933955970647098,68.70435438838935,47.85699402588619
14.969979986657771,68.7381907724881,47.87010927661709
15.006004002668446,68.7719559389166,47.88335780303422
15.042028018679119,68.80564954372156,47.89674024880673
15.078052034689792,68.83927125082613,47.91025724286375
15.114076050700467,68.87282073208166,47.92390939929781
15.15010006671114,68.9062976673184,47.937697317269816
15.186124082721815,68.93970174439544,47.95162158091559
15.222148098732488,68.97303265924975,47.96568275925414
15.25817211474316,69.00629011594441,47.97988140609744
15.294196130753836,69.03947382671585,47.994218059961945
15.330220146764509,69.07258351202026,48.00869324398174
15.366244162775184,69.10561890057915,48.02330746582334
15.402268178785857,69.13857972942397,48.03806121760223
15.43829219479653,69.17146574393973,48.05295497580102
15.474316210807205,69.20427669790794,48.06798920118941
15.510340226817878,69.23701235354834,48.083164338745796
15.546364242828552,69.26967248155992,48.098480817580636
15.582388258839226,69.30225686116097,48.11393905086159
15.618412274849899,69.33476528012805,48.129539435740384
15.654436290860573,69.36719753483423,48.14528235328144
15.690460306871246,69.39955343028622,48.16116816839233
15.726484322881921,69.43183278016056,48.177197229755954
15.762508338892594,69.46403540683893,48.193369869764574
15.798532354903267,69.49616114144246,48.20968640445565
15.834556370913942,69.52820982386496,48.22614713344947
15.870580386924615,69.56018130280535,48.24275233988863
15.90660440293529,69.59207543579896,48.2595022903794
15.942628418945963,69.62389208924793,48.276397234934834
15.978652434956636,69.65563113845053,48.29343740691986
16.01467645096731,69.68729246762958,48.310623022998186
16.050700466977986,69.71887596995978,48.327954283081056
16.086724482988657,69.7503815475941,48.345431370277964
16.122748498999332,69.78180911168911,48.363054450849205
16.158772515010007,69.81315858242925,48.380823674160396
16.19479653102068,69.84442988905022,48.398739172638805
16.230820547031353,69.87562296986118,48.41680106173175
16.266844563042028,69.90673777226603,48.4350094398668
16.3028685790527,69.93777425278357,48.45336438841397
16.338892595063374,69.96873237706676,48.47186597164987
16.37491661107405,69.99961211992073,48.49051423672377
16.41094062708472,70.03041346531991,48.50930921362568
16.4469646430954,70.06113640642407,48.52825091515633
16.48298865910607,70.09178094559324,48.54733933689915
16.51901267511674,70.12234709440166,48.566574457194314
16.55503669112742,70.15283487365062,48.58595623711458
16.59106070713809,70.18324431338026,48.60548462044332
16.627084723148766,70.21357545288024,48.6251595336544
16.66310873915944,70.24382834069944,48.644980885894164
16.699132755170112,70.27400303465454,48.66494856896537
16.735156771180787,70.30409960183749,48.68506245731316
16.77118078719146,70.33411811862192,48.70532240801302
16.807204803202133,70.36405867066853,48.7257282607608
16.843228819212808,70.39392135292933,48.746279837864755
16.879252835223483,70.42370626965078,48.76697694423957
16.915276851234154,70.45341353437594,48.787819367402484
16.95130086724483,70.48304326994543,48.80880687747141
16.987324883255503,70.51259560849732,48.829939227165106
17.023348899266175,70.54207069146597,48.851216151805396
17.059372915276853,70.5714686695798,48.87263736932143
17.095396931287524,70.60078970285778,48.894202580256
17.131420947298196,70.63003396060515,48.91591146777391
17.167444963308874,70.65920162140765,48.9377636976724
17.203468979319545,70.688292873125,48.959758918393604
17.23949299533022,70.71730791288307,48.9818967610391
17.275517011340895,70.74624694706503,49.00417683938651
17.311541027351566,70.7751101913014,49.02659874990814
17.34756504336224,70.80389787045888,49.04916207179171
17.383589059372916,70.83261021862833,49.07186636696313
17.419613075383587,70.86124747911138,49.09471118011134
17.455637091394262,70.88980990440612,49.1176960387152
17.491661107404937,70.91829775619155,49.14082045307254
17.52768512341561,70.94671130531106,49.16408391633104
17.563709139426283,70.9750508317547,49.187485904521495
17.599733155436958,71.00331662464046,49.211025876592835
17.63575717144763,71.0315089821943,49.23470327444944
17.671781187458304,71.0596282117292,49.25851752299036
17.70780520346898,71.08767462962311,49.282468030150675
17.74382921947965,71.11564856129566,49.306554186944865
17.77985323549033,71.14355034118398,49.330775367512324
17.815877251501,71.17138031271726,49.355130929164744
17.85190126751167,71.1991388282903,49.37962021243578
17.88792528352235,71.22682624923593,49.4042425411326
17.92394929953302,71.25444294579628,49.42899722238949
17.959973315543696,71.28198929709318,49.45388354672362
17.99599733155437,71.30946569109715,49.47890078809269
18.032021347565042,71.33687252459556,49.504048203954724
18.068045363575717,71.36421020315962,49.52932503532987
18.10406937958639,71.39147914111018,49.55473050686417
18.140093395597063,71.41867976148271,49.580263826895425
18.176117411607738,71.44581249599091,49.60592418752104
18.212141427618413,71.47287778498942,49.6317107646679
18.248165443629084,71.49987607743543,49.65762271816422
18.28418945963976,71.52680783084918,49.68365919181343
18.320213475650434,71.55367351127342,49.70981931347007
18.356237491661105,71.58047359323184,49.73610219511761
18.39226150767178,71.60720855968636,49.76250693294832
18.428285523682455,71.63387890199338,49.789032607445094
18.464309539693126,71.66048511985912,49.81567828346524
18.500333555703804,71.68702772129365,49.84244301032625
18.536357571714476,71.71350722256409,49.86932582189352
18.572381587725147,71.73992414814671,49.89632573666999
18.608405603735825,71.76627903067795,49.92344175788781
18.644429619746496,71.7925724109044,49.95067287360184
18.68045363575717,71.8188048376318,49.97801805678514
18.716477651767846,71.84497686767308,50.00547626542639
18.752501667778517,71.87108906579516,50.03304644262915
18.788525683789192,71.89714200466497,50.0607275167131
18.824549699799867,71.92313626479427,50.08851840131714
18.86057371581054,71.94907243448364,50.11641799550433
18.896597731821213,71.97495110976536,50.144425183868826
18.932621747831888,72.00077289434523,50.17253883664451
18.96864576384256,72.02653839954358,50.20075780981566
19.004669779853234,72.05224824423519,50.22908094522928
19.04069379586391,72.07790305478812,50.25750707070944
19.07671781187458,72.10350346500188,50.286035000173264
19.112741827885255,72.12905011604423,50.314663533748934
19.14876584389593,72.15454365638735,50.343391457895294
19.1847898599066,72.17998474174286,50.37221754552335
19.22081387591728,72.20537403499601,50.40114055611957
19.25683789192795,72.23071220613882,50.430159235870875
19.292861907938622,72.25599993220233,50.45927231779146
19.3288859239493,72.28123789718796,50.488478521851285
19.364909939959972,72.30642679199786,50.51777655510634
19.400933955970647,72.3315673143644,50.547165111830665
19.43695797198132,72.35666016877877,50.576642873649995
19.472981987991993,72.38170606641857,50.606208509677124
19.509006004002668,72.40670572507466,50.635860676648996
19.545030020013343,72.43165986907692,50.665598019065385
19.581054036024014,72.45656922921941,50.6954191693293
19.61707805203469,72.48143454268427,50.72532274788895
19.653102068045364,72.50625655296518,50.75530736338144
19.689126084056035,72.5310360097896,50.785371612777936
19.72515010006671,72.5557736690404,50.81551408153056
19.761174116077385,72.58047029267645,50.84573334372075
19.797198132088056,72.60512664865261,50.876027962209314
19.83322214809873,72.62974351083864,50.90639648878786
19.869246164109406,72.65432165893749,50.936837464331965
19.905270180120077,72.67886187840264,50.96734941895566
19.941294196130755,72.70336496035475,50.99793087216759
19.977318212141427,72.72783170149737,51.02858033302852
20.0133422281521,72.75226290403208,51.05929630031044
20.049366244162776,72.77665937557263,51.090077262657
20.085390260173448,72.80102192905846,51.12092169874547
20.121414276184122,72.82535138266736,51.15182807745011
20.157438292194797,72.84964855972748,51.1827948580069
20.19346230820547,72.87391428862854,51.21382049017968
20.229486324216143,72.8981494027323,51.24490341442769
20.265510340226818,72.92235474028232,51.276042062074396
20.30153435623749,72.94653114431304,51.30723485547772
20.337558372248164,72.97067946255814,51.33848020820152
20.37358238825884,72.99480054735812,51.369776525188456
20.40960640426951,73.0188952555674,51.40112220293399
20.445630420280185,73.04296444846047,51.43251562966185
20.48165443629086,73.06700899163765,51.46395518550049
20.51767845230153,73.09102975493002,51.495439242661035
20.55370246831221,73.11502761230373,51.52696616561622
20.58972648432288,73.13900344176378,51.55853431128062
20.625750500333552,73.16295812525703,51.590142029192
20.66177451634423,73.1868925485747,51.6217876616939
20.697798532354902,73.21080760125423,51.65346954411917
20.733822548365577,73.23470417648059,51.68518600497484
20.76984656437625,73.25858317098692,51.716935366127856
20.805870580386923,73.28244548495468,51.74871594299206
20.841894596397598,73.30629202191321,51.78052604471608
20.877918612408273,73.33012368863878,51.81236397437237
20.913942628418944,73.35394139505303,51.844228029147125
20.94996664442962,73.37774605412092,51.876116500531296
20.985990660440294,73.40153858174823,51.90802767451252
21.022014676450965,73.42531989667842,51.939959831767936
21.05803869246164,73.44909092038912,51.971911247858074
21.094062708472315,73.47285257698809,52.003880193421445
21.130086724482986,73.4966057931087,52.035864934370196
21.16611074049366,73.52035149780494,52.0678637320865
21.202134756504336,73.54409062244608,52.09987484361982
21.238158772515007,73.56782410061075,52.131896521885
21.274182788525685,73.59155286798074,52.16392701586112
21.310206804536357,73.61527786223427,52.195964570791155
21.346230820547028,73.63900002293889,52.228007428382334
21.382254836557706,73.6627202914441,52.260053827007276
21.418278852568378,73.68643961077346,52.29210200190577
21.454302868579052,73.71015892551637,52.32415018538729
21.490326884589727,73.73387918171952,52.35619660703413
21.5263509006004,73.75760132677804,52.388239493905196
21.562374916611073,73.78132630932625,52.42027707074038
21.59839893262175,73.8050550791281,52.45230756016556
21.63442294863242,73.82878858696739,52.4843291828981
21.670446964643094,73.85252778453761,52.51634015795302
21.70647098065377,73.87627362433156,52.5483387028495
21.74249499666444,73.90002705953064,52.580323033818026
21.778519012675115,73.92378904389402,52.61229136600799
21.81454302868579,73.94756053164738,52.6442419136956
21.85056704469646,73.97134247737162,52.67617289049246
21.886591060707136,73.99513583589119,52.70808250955428
21.92261507671781,74.01894156216235,52.73996898379016
21.958639092728482,74.04276061116119,52.77183052607214
21.99466310873916,74.06659393777139,52.80366534944508
22.030687124749832,74.09044249667198,52.83547166733686
22.066711140760507,74.11430724222488,52.867247693768896
22.10273515677118,74.1381891283622,52.89899164356678
22.138759172781853,74.16208910847361,52.930701732571336
22.174783188792528,74.18600813529343,52.96237617784973
22.210807204803203,74.20994716078778,52.994013197906824
22.246831220813874,74.23390713604142,53.0256110128967
22.28285523682455,74.25788901114481,53.057167844834275
22.318879252835224,74.28189373508087,53.08868191780707
22.354903268845895,74.30592225561179,53.12015145818703
22.39092728485657,74.32997551916586,53.151574694842395
22.426951300867245,74.35405447072417,53.18294985934963
22.462975316877916,74.37816005370738,53.21427518620536
22.49899933288859,74.40229320986248,53.2455489130383
22.535023348899266,74.42645487914963,53.276769280821064
22.57104736490994,74.45064599962888,53.30793453408204
22.607071380920612,74.4748675073471,53.339042921117056
22.643095396931287,74.4991203362249,53.370092694201034
22.67911941294196,74.52340541794364,53.40108210979936
22.715143428952633,74.54772368183248,53.432009428779274
22.751167444963308,74.57207605475567,53.46287291662089
22.787191460973983,74.59646346099976,53.49367084362811
22.823215476984654,74.62088682216105,53.52440148513929
22.85923949299533,74.64534705703332,53.55506312173758
22.895263509006003,74.66984508149535,53.58565403946101
22.93128752501668,74.69438180839899,53.61617253001228
22.96731154102735,74.71895814745714,53.64661689096815
23.003335557038024,74.74357500513216,53.67698542598855
23.0393595730487,74.76823328452426,53.70727644502518
23.07538358905937,74.79293388526027,53.737488264529816
23.111407605070045,74.81767770338259,53.7676192076621
23.14743162108072,74.84246563123835,53.797667604496816
23.18345563709139,74.867298557369,53.82763179223087
23.219479653102066,74.89217736639992,53.857510115389445
23.25550366911274,74.9171029389305,53.88730092603197
23.291527685123416,74.94207615142454,53.917002583957164
23.327551701134087,74.96709787610085,53.94661345690779
23.363575717144762,74.99216898082419,53.97613192077461
23.399599733155437,75.01729032899672,54.00555635979974
23.43562374916611,75.04246277944961,54.03488516677934
23.471647765176783,75.06768718633505,54.06411674326569
23.507671781187458,75.09296439901881,54.09324949976838
23.54369579719813,75.118295261973,54.122281855954924
23.579719813208804,75.1436806146693,54.1512122408505
23.61574382921948,75.16912129147265,54.18003909303696
23.651767845230154,75.19461812153543,54.20876086085101
23.687791861240825,75.22017192869184,54.2373760025815
23.7238158772515,75.2457835313531,54.26588298666594
23.759839893262175,75.27145374240283,54.29428029188605
23.795863909272846,75.29718336909303,54.322566407562405
23.83188792528352,75.32297321294064,54.35073983374822
23.867911941294196,75.34882406962444,54.378799081422066
23.903935957304867,75.37473672888264,54.40674267267965
23.939959973315542,75.40071197441088,54.4345691409246
23.975983989326217,75.42675058376092,54.4622770310582
24.01200800533689,75.45285332823973,54.48986489966804
24.048032021347563,75.47902097280931,54.51733131521563
24.084056037358238,75.50525427598703,54.54467485822289
24.120080053368913,75.53155398974658,54.57189412145749
24.156104069379584,75.5579208594195,54.59898771011707
24.19212808539026,75.58435562359742,54.62595424201228
24.228152101400934,75.61085901403489,54.652792347748566
24.264176117411605,75.63743175555284,54.679500670906826
24.30020013342228,75.66407456594277,54.70607786822277
24.336224149432955,75.69078815587159,54.73252260976494
24.37224816544363,75.71757322878709,54.75883357911163
24.4082721814543,75.74443048082422,54.785009473526245
24.444296197464976,75.77136060071201,54.811049004131576
24.48032021347565,75.79836426968126,54.83695089608248
24.51634422948632,75.82544216137288,54.862713888737346
24.552368245496996,75.85259494174713,54.8883367358281
24.58839226150767,75.8798232689935,54.91381820562877
24.624416277518346,75.90712779344139,54.93915708112258
24.660440293529017,75.93450915747158,54.9643521601677
24.696464309539692,75.9619679954286,54.98940225566129
24.732488325550367,75.98950493353365,55.01430619570228
24.76851234156104,76.01712058979867,55.039062823752374
24.804536357571713,76.04481557394095,55.0636709987957
24.840560373582388,76.0725904872988,55.088129595496746
24.87658438959306,76.10044592274792,55.11243750435674
24.912608405603734,76.12838246461872,55.13659363186845
24.94863242161441,76.15640068861453,55.1605969006693
24.984656437625084,76.18450116173058,55.18444624969281
25.020680453635755,76.21268444217405,55.20814063431841
25.05670446964643,76.24095107928491,55.231679026519515
25.092728485657105,76.26930161345763,55.25506041500988
25.128752501667776,76.29773657606405,55.27828380538824
25.16477651767845,76.32625648937692,55.30134822028115
25.200800533689126,76.35486186649453,55.32425269948408
25.236824549699797,76.38355321126635,55.34699630010069
25.272848565710472,76.41233101821948,55.3695780966803
25.308872581721147,76.44119577248625,55.39199718135352
25.34489659773182,76.47014794973272,55.41425266396598
25.380920613742493,76.49918801608815,55.4363436722103
25.416944629753168,76.52831642807564,55.45826935175602
25.452968645763843,76.55753363254357,55.48002886637772
25.488992661774514,76.58684006659821,55.5016213980812
25.52501667778519,76.61623615753743,55.52304614722763
25.561040693795864,76.64572232278528,55.54430233265588
25.597064709806535,76.67529896982774,55.56538919180274
25.63308872581721,76.70496649614957,55.586305980821166
25.669112741827885,76.73472528917213,55.6070519746966
25.70513675783856,76.76457572619239,55.62762646736112
25.74116077384923,76.79451817432297,55.648028771805635
25.777184789859906,76.82455299043332,55.66825822019
25.81320880587058,76.85468052109198,55.688314163951006
25.84923282188125,76.88490110250996,55.708195973908325
25.885256837891927,76.91521506048537,55.727903040368304
25.9212808539026,76.94562271034896,55.747434773225685
25.957304869913273,76.97612435691097,55.76679060206304
25.993328885923948,77.00672029440919,55.785969976248275
26.029352901934622,77.03741080645793,55.80497236502971
26.065376917945297,77.06819616599843,55.82379725762922
26.10140093395597,77.09907663525033,55.84244416333287
26.137424949966643,77.13005246566425,55.860912611579714
26.173448965977318,77.16112389787574,55.87920215204797
26.20947298198799,77.19229116166025,55.89731235473926
26.245496997998664,77.22355447588947,55.91524281006043
26.28152101400934,77.25491404848873,55.93299312890309
26.31754503002001,77.28637007639568,55.95056294272102
26.353569046030685,77.31792274552033,55.967951903605076
26.38959306204136,77.34957223070603,55.985159684355956
26.425617078052035,77.38131869569202,56.00218597855453
26.461641094062706,77.41316229307694,56.01903050062994
26.49766511007338,77.44510316428381,56.035692985925245
26.533689126084056,77.47714143952618,56.05217319076081
26.569713142094727,77.50927723777545,56.06847089249526
26.605737158105402,77.54151066672969,56.08458588958409
26.641761174116077,77.57384182278349,56.100518001635876
26.677785190126748,77.60627079099928,56.11626706946608
26.713809206137423,77.63879764507978,56.13183295514849
26.749833222148098,77.67142244734191,56.14721554206417
26.785857238158773,77.70414524869186,56.16241473494804
26.821881254169444,77.73696608860152,56.17743045993298
26.85790527018012,77.76988499508622,56.19226266459155
26.893929286190794,77.80290198468371,56.20691131797518
26.929953302201465,77.83601706243465,56.22137641065093
26.96597731821214,77.86923022186416,56.2356579547358
27.002001334222815,77.90254144496483,56.24975598392852
27.038025350233486,77.93595070218113,56.263670553538894
27.07404936624416,77.96945795239503,56.27740174051462
27.110073382254836,78.00306314291298,56.290949643465616
27.14609739826551,78.03676620945424,56.30431438268587
27.182121414276182,78.07056707614062,56.3174961001727
27.218145430286857,78.10446565548747,56.330494959643595
27.25416944629753,78.13846184839605,56.343311146550455
27.290193462308203,78.17255554414727,56.35594486809133
27.326217478318878,78.20674662039679,56.36839635321961
27.362241494329552,78.24103494317143,56.380665852650665
27.398265510340224,78.27542036686702,56.392753638866004
27.4342895263509,78.30990273424754,56.404660006114746
27.470313542361573,78.34448187644566,56.416385270412746
27.50633755837225,78.37915761296462,56.42792976953889
27.54236157438292,78.41392975168154,56.43929386302913
27.578385590393594,78.44879808885199,56.45047793216765
27.61440960640427,78.48376240911614,56.46148237997576
27.65043362241494,78.51882248550595,56.472307631197936
27.686457638425615,78.55397807945414,56.482954132285535
27.72248165443629,78.58922894080416,56.49342235137776
27.758505670446965,78.62457480782177,56.50371277828013
27.794529686457636,78.66001540720798,56.51382592444035
27.83055370246831,78.69555045411323,56.5237623229216
27.866577718478986,78.73117965215312,56.53352252837326
27.902601734489657,78.76690269342538,56.543107116999025
27.938625750500332,78.8027192585283,56.55251668652247
27.974649766511007,78.83862901658057,56.56175185615001
28.01067378252168,78.87463162524236,56.570813266531275
28.046697798532353,78.91072673073788,56.579701579716954
28.082721814543028,78.9469139678794,56.58841747911399
28.118745830553703,78.98319296009242,56.59696166943824
28.154769846564374,79.01956331944245,56.605334876664536
28.19079386257505,79.05602464666302,56.61353784797423
28.226817878585724,79.09257653118509,56.62157135170007
28.262841894596395,79.12921855116788,56.629436177268566
28.29886591060707,79.16595027353108,56.63713313513982
28.334889926617745,79.20277125398832,56.644663056744704
28.370913942628416,79.23968103708211,56.65202679441955
28.40693795863909,79.27667915622015,56.65922522133825
28.442961974649766,79.31376513371293,56.66625923144182
28.47898599066044,79.35093848081276,56.67312973936543
28.515010006671112,79.38819869775409,56.67983768036281
28.551034022681787,79.42554527379534,56.68638401022823
28.58705803869246,79.46297768726181,56.69276970521587
28.623082054703133,79.50049540559024,56.698995761956695
28.659106070713808,79.53809788537454,56.705063197372795
28.695130086724483,79.57578457241289,56.71097304858918
28.731154102735154,79.61355490175617,56.716726372843155
28.76717811874583,79.65140829775787,56.72232424739108
28.803202134756503,79.68934417412507,56.72776776941274
28.83922615076718,79.72736193397103,56.73305805591313
28.87525016677785,79.76546096986885,56.73819624362186
28.911274182788524,79.80364066390669,56.74318348888991
28.9472981987992,79.84190038774412,56.74802096758426
28.98332221480987,79.88023950266987,56.75270987497961
29.019346230820545,79.91865735966087,56.757251425648064
29.05537024683122,79.95715329944261,56.76164685334612
29.09139426284189,79.99572665255074,56.765897410899356
29.127418278852566,80.03437673939408,56.77000437008462
29.16344229486324,80.07310287031873,56.773969021509885
29.199466310873916,80.11190434567368,56.777792674491664
29.235490326884587,80.15078045587751,56.781476656930025
29.271514342895262,80.18973048148646,56.78502231518129
29.307538358905937,80.22875369326377,56.78843101392828
29.34356237491661,80.26784935225018,56.7917041360483
29.379586390927283,80.30701670983582,56.79484308247873
29.415610406937958,80.34625500783322,56.79784927208028
29.45163442294863,80.38556347855165,56.800724141497966
29.487658438959304,80.4249413448726,56.80346914501974
29.52368245496998,80.46438782032659,56.806085754432885
29.559706470980654,80.50390210917112,56.80857545887807
29.595730486991325,80.54348340646982,56.81093976470118
29.631754503002,80.58313089817288,56.813180195302884
29.667778519012675,80.62284376119865,56.81529829098597
29.703802535023346,80.66262116351629,56.81729560880048
29.73982655103402,80.70246226422987,56.81917372238657
29.775850567044696,80.74236621366333,56.820934221815286
29.811874583055367,80.78233215344692,56.822578713427056
29.847898599066042,80.8223592166045,56.82410881966808
29.883922615076717,80.86244652764213,56.825526178924605
29.91994663108739,80.90259320263792,56.82683244535498
29.955970647098063,80.94279834933268,56.828029288719655
29.991994663108738,80.98306106722204,56.829118394209154
30.028018679119413,81.02338044764943,56.83010146226979
30.064042695130084,81.0637555739003,56.8309802084275
30.10006671114076,81.1041855212974,56.83175636310954
30.136090727151434,81.14466935729705,56.832431671464214
30.172114743162105,81.18520614158668,56.83300789317846
30.20813875917278,81.22579492618321,56.83348680229368
30.244162775183455,81.26643475553266,56.833870187019336
30.28018679119413,81.30712466661069,56.83415984954485
30.3162108072048,81.34786368902422,56.83435760584932
30.352234823215476,81.3886508451141,56.83446528550956
30.38825883922615,81.42948515005868,56.83448473150604
30.42428285523682,81.47036561197858,56.834417800027126
30.460306871247496,81.5112912320422,56.83426636027133
30.49633088725817,81.55226100457244,56.8340322942478
30.532354903268843,81.59327391715424,56.833717496575
30.568378919279517,81.63432895074311,56.833323874277546
30.604402935290192,81.6754250797747,56.832853346581345
30.640426951300867,81.7165612722751,56.832307844706904
30.67645096731154,81.75773648997234,56.831689311660966
30.712474983322213,81.79894968840854,56.83099970202643
30.748498999332888,81.84019981705309,56.83024098175059
30.78452301534356,81.88148581941675,56.82941512793168
30.820547031354234,81.92280663316652,56.82852412860382
30.85657104736491,81.96416119024147,56.82756998252032
30.892595063375584,82.00554841696933,56.82655469893544
30.928619079386255,82.04696723418407,56.825480297384466
30.96464309539693,82.08841655734403,56.82434880746238
31.000667111407605,82.12989529665127,56.8231622686009
31.036691127418276,82.17140235717127,56.821922729844104
31.07271514342895,82.2129366389538,56.82063224962247
31.108739159439626,82.25449703715434,56.819292895525585
31.144763175450297,82.29608244215629,56.81790674407336
31.180787191460972,82.33769173969405,56.81647588048585
31.216811207471647,82.3793238109767,56.81500239845168
31.25283522348232,82.42097753281249,56.8134883998952
31.288859239492993,82.46265177773394,56.81193599474219
31.324883255503668,82.50434541412378,56.81034730068438
31.360907271514343,82.54605730634141,56.8087244429426
31.396931287525014,82.58778631485019,56.80706955402876
31.43295530353569,82.62953129634526,56.80538477350654
31.468979319546364,82.67129110388203,56.80367224775095
31.505003335557035,82.7130645870053,56.80193412970664
31.54102735156771,82.7548505918791,56.80017257864512
31.577051367578385,82.79664796141688,56.798389759920845
31.61307538358906,82.83845553541254,56.796587844726275
31.64909939959973,82.88027215067184,56.79476900984568
31.685123415610406,82.92209664114455,56.792935437408175
31.72114743162108,82.96392783805689,56.7910893146395
31.75717144763175,83.00576457004476,56.78923283361302
31.793195463642427,83.04760566328729,56.78736819099961
31.8292194796531,83.08944994164095,56.7854975878167
31.865243495663773,83.13129622677417,56.78362322917643
31.901267511674448,83.1731433383024,56.7817473240329
31.937291527685122,83.21499009392353,56.77987208492857
31.973315543695797,83.25683530955396,56.77799972773988
32.00933955970647,83.29867779946487,56.776132471422095
32.04536357571715,83.34051637641896,56.77427253775334
32.08138759172782,83.38234985180769,56.77242215107795
32.11741160773849,83.4241770357887,56.77058353804913
32.15343562374916,83.46599673742378,56.768758927370925
32.18945963975984,83.50780776481706,56.76695054953955
32.22548365577051,83.54960892525347,56.76516063658412
32.26150767178119,83.59139902533772,56.763391421806794
32.29753168779186,83.6331768711334,56.7616451395224
32.33355570380253,83.67494126830239,56.759924024797485
32.3695797198132,83.71669102224458,56.75823031318888
32.40560373582388,83.75842493823777,56.75656624048189
32.44162775183456,83.80014182157788,56.754934042427934
32.47765176784523,83.84184047771929,56.75333595448188
32.5136757838559,83.88351971241542,56.75177421153891
32.54969979986657,83.92517833185956,56.75025104767118
32.585723815877245,83.96681514282568,56.74876869586403
32.62174783188792,84.00842895280962,56.747329387752025
32.6577718478986,84.05001857017021,56.745935353354675
32.69379586390927,84.09158280427059,56.74458882081198
32.729819879919944,84.13312046561974,56.74329201611975
32.765843895930615,84.17463036601389,56.74204716286483
32.801867911941294,84.21611131867809,56.740856481960115
32.837891927951965,84.2575621384079,56.73972219137955
32.87391594396264,84.29898164171101,56.73864650589303
32.909939959973315,84.34036864694887,56.73763163680124
32.945963975983986,84.38172197447848,56.736679791670554
32.98198799199466,84.42304044679395,56.73579317406793
33.018012008005336,84.46432288866818,56.73497398329587
33.054036024016014,84.50556812729438,56.73422441412745
33.090060040026685,84.54677499242767,56.733546656541535
33.12608405603736,84.58794231652645,56.732942895458066
33.16210807204803,84.62906893489372,56.73241531047361
33.1981320880587,84.67015368581838,56.731966075597086
33.23415610406938,84.71119541071616,56.73159735898572
33.270180120080056,84.75219295427073,56.73131132268134
33.30620413609073,84.79314516457427,56.73111012234698
33.3422281521014,84.83405089326828,56.7309959070037
33.37825216811207,84.87490899568375,56.730970818767986
33.41427618412275,84.91571833098146,56.731036992589374
33.45030020013342,84.95647776229183,56.73119655598862
33.4863242161441,84.99718615685462,56.73145162879629
33.52234823215477,85.03784238615843,56.73180432289191
33.55837224816544,85.07844532607967,56.73225674194351
33.59439626417611,85.11899385702154,56.732810981147914
33.63042028018679,85.15948686405241,56.73346912697149
33.66644429619746,85.1999232370441,56.7342332568916
33.70246831220814,85.24030187080967,56.735105439138614
33.73849232821881,85.28062166524083,56.73608773243876
33.77451634422948,85.32088152544507,56.73718218575756
33.810540360240154,85.36108036188233,56.73839083804407
33.84656437625083,85.40121709050119,56.7397157179759
33.88258839226151,85.44129063287478,56.741158843705065
33.91861240827218,85.48129991633606,56.742722222604655
33.95463642428285,85.52124387411274,56.744407851016376
33.990660440293524,85.5611214454618,56.74621771399901
34.0266844563042,85.6009315758032,56.74815378507781
34.062708472314874,85.64067321685346,56.75021802599492
34.09873248832555,85.68034532675843,56.752412386460634
34.134756504336224,85.71994687022561,56.754738803905894
34.170780520346895,85.75947681865594,56.75719920323568
34.206804536357566,85.79893415027487,56.7597954965836
34.242828552368245,85.83831785026307,56.762529583067504
34.278852568378916,85.87762691088616,56.76540334854639
34.314876584389594,85.91686033162425,56.768418665378306
34.350900600400266,85.95601711930047,56.77157739217964
34.38692461641094,85.995096288209,56.77488137358554
34.42294863242161,86.0340968602424,56.77833244001171
34.45897264843229,86.07301786501826,56.781932407417344
34.494996664442965,86.11185834000504,56.78568307706958
34.531020680453636,86.15061733064734,56.78958623530917
34.56704469646431,86.18929389049028,56.79364365331769
34.60306871247498,86.22788708130321,56.79785708688595
34.63909272848565,86.26639597320259,56.80222827618413
34.67511674449633,86.30481964477418,56.80675894553317
34.71114076050701,86.34315718319422,56.8114508031778
34.74716477651768,86.38140768435004,56.816305541061
34.78318879252835,86.41957025295962,56.82132483460019
34.81921280853902,86.45764400269043,56.82651034246484
34.8552368245497,86.49562805627737,56.83186370635581
34.89126084056037,86.53352154563976,56.83738655078629
34.92728485657105,86.57132361199756,56.84308048286453
34.96330887258172,86.6090334059865,56.84894709207807
34.99933288859239,86.64665008777249,56.854987950079945
35.03535690460306,86.6841728271649,56.8612046104765
35.07138092061374,86.72160080372905,56.867598608617
35.10740493662442,86.75893320689752,56.87417146138521
35.14342895263509,86.79616923608069,56.880924666992605
35.17945296864576,86.83330810077615,56.88785970477362
35.21547698465643,86.8703490206771,56.89497803498275
35.251501000667105,86.90729122577977,56.90228109859355
35.28752501667778,86.94413395648981,56.90977031709965
35.32354903268846,86.98087646372745,56.91744709231767
35.35957304869913,87.01751800903185,56.92531280619226
35.395597064709804,87.05405786466417,56.933368820603015
35.431621080720475,87.09049531370961,56.9416164771736
35.467645096731154,87.12682965017834,56.95005709708292
35.503669112741825,87.1630601791052,56.95869198087828
35.5396931287525,87.19918621664854,56.967522408290904
35.575717144763175,87.23520709018747,56.97654963805338
35.611741160773846,87.27112213841838,56.98577490771948
35.64776517678452,87.30693071144998,56.99519943348608
35.683789192795196,87.34263217089725,57.00482441001734
35.71981320880587,87.37822588997426,57.01465101027115
35.755837224816545,87.41371125358559,57.02468038532789
35.79186124082722,87.44908765841669,57.034913664221406
35.82788525683789,87.48435451302291,57.045351953772425
35.86390927284856,87.51951123791726,57.055996338424215
35.89993328885924,87.55455726565698,57.06684788008074
35.935957304869916,87.58949204092875,57.0779076179471
35.97198132088059,87.62431502063255,57.08917656837246
36.00800533689126,87.65902567396449,57.10065572469536
36.04402935290193,87.693623482498,57.11234605709163
36.0800533689126,87.72810794026377,57.124248512424586
36.11607738492328,87.76247855382857,57.1363640140979
36.15210140093396,87.79673484237239,57.14869346191091
36.18812541694463,87.83087633776447,57.16123773191655
36.2241494329553,87.86490258463785,57.17399767628176
36.26017344896597,87.89881314046255,57.18697412315058
36.29619746497665,87.93260757561733,57.20016787650978
36.33222148098732,87.96628547346006,57.21357971605718
36.368245496998,87.99984643039679,57.227210397072575
36.40426951300867,88.03329005594911,57.24106065029134
36.44029352901934,88.06661597282043,57.255131181780754
36.476317545030014,88.09982381696048,57.26942267281901
36.51234156104069,88.13291323762867,57.28393577977692
36.54836557705137,88.16588389745561,57.29867113400242
36.58438959306204,88.19873547250359,57.313629341707774
36.62041360907271,88.23146765232516,57.32881098385966
36.656437625083385,88.26408014002055,57.344216616071925
36.692461641094056,88.29657265229336,57.359846768501214
36.728485657104734,88.32894491950486,57.37570194574547
36.76450967311541,88.36119668572667,57.39178262674517
36.800533689126084,88.39332770879204,57.408089264687575
36.836557705136755,88.42533776034553,57.4246222869137
36.87258172114743,88.45722662589105,57.441382094828306
36.908605737158105,88.4889941048385,57.458369063812675
36.944629753168776,88.52064001054882,57.475583543140445
36.980653769179455,88.55216417037728,57.4930258558963
37.016677785190126,88.58356642571553,57.51069629889758
37.0527018012008,88.61484663203177,57.52859514261895
37.08872581721147,88.64600465890945,57.54672263112
37.12474983322215,88.67704039008439,57.56507898197577
37.160773849232825,88.70795372348022,57.583664386210465
37.1967978652435,88.7387445712423,57.602479008233914
37.23282188125417,88.76941285976996,57.62152298578136
37.26884589726484,88.79995852974712,57.64079642985601
37.30486991327551,88.83038153617127,57.660299424674875
37.34089392928619,88.86068184838089,57.68003202761751
37.37691794529687,88.89085945008111,57.69999426917787
37.41294196130754,88.9209143393678,57.72018615291931
37.44896597731821,88.95084652874999,57.74060765543262
37.48498999332888,88.98065604517063,57.76125872629712
37.52101400933956,89.01034293002571,57.78213928804506
37.55703802535023,89.03990723918164,57.80324923612883
37.59306204136091,89.069349042991,57.82458843889164
37.62908605737158,89.0986684263067,57.84615673754106
37.66511007338225,89.12786548849425,57.86795394612592
37.70113408939292,89.15694034344259,57.88997985151621
37.7371581054036,89.18589311957298,57.912234213386206
37.77318212141427,89.21472395984648,57.93471676420078
37.80920613742495,89.24343302176945,57.95742720920489
37.84523015343562,89.27202047739752,57.98036522641613
37.881254169446294,89.30048651333786,58.003530466620724
37.917278185456965,89.32883133074957,58.0269225533724
37.95330220146764,89.35705514534268,58.05054108299471
37.98932621747832,89.38515818737513,58.07438562458643
38.02535023348899,89.41314070164809,58.09845572003016
38.061374249499664,89.44100294749981,58.122750884004255
38.097398265510336,89.46874519879745,58.147270603997804
38.133422281521014,89.4963677439273,58.17201434032896
38.169446297531685,89.52387088578338,58.196981526166375
38.20547031354236,89.55125494175417,58.22217156755401
38.241494329553035,89.57852024370769,58.247583843438996
38.277518345563706,89.60566713797482,58.27321770570285
38.31354236157438,89.63269598533098,58.29907247919586
38.349566377585056,89.65960716097597,58.32514746177475
38.38559039359573,89.68640105451212,58.351441924343426
38.421614409606406,89.71307806992084,58.37795511089724
38.45763842561708,89.73963862553715,58.40468623857011
38.49366244162775,89.76608315402291,58.43163449768523
38.52968645763843,89.79241210233786,58.45879905180873
38.5657104736491,89.8186259317093,58.48617903780673
38.60173448965977,89.84472511759986,58.513773565905524
38.63775850567045,89.87071014967364,58.5415817197551
38.67378252168112,89.89658153176049,58.569602556495695
38.70980653769179,89.9223397818188,58.59783510682777
38.74583055370247,89.94798543189631,58.626278375085064
38.78185456971314,89.97351902808946,58.654931339310906
38.81787858572381,89.99894113050075,58.683792951337715
38.85390260173449,90.02425231319475,58.71286213686976
38.88992661774516,90.04945316415196,58.742137795569
38.92595063375583,90.07454428522135,58.771618801144264
38.96197464976651,90.099526292071,58.8013040014435
38.99799866577718,90.1243998141371,58.831192218549205
39.03402268178785,90.14916549457118,58.86128224887718
39.07004669779853,90.17382399018581,58.89157286327824
39.1060707138092,90.19837597139836,58.92206280714319
39.14209472981988,90.2228221221734,58.95275080051106
39.17811874583055,90.24716313996308,58.983635538180216
39.214142761841224,90.27139973564607,59.01471568982291
39.2501667778519,90.2955326334648,59.045989900102704
39.28619079386257,90.31956257096087,59.0774567887952
39.322214809873245,90.34349029890902,59.10911495091179
39.35823882588392,90.3673165812493,59.14096295682646
39.394262841894594,90.39104219501755,59.17299935240584
39.430286857905266,90.41466793027448,59.205222659142166
39.466310873915944,90.4381945900328,59.23763137428941
39.502334889926615,90.46162299018292,59.27022397100243
39.53835890593729,90.48495395941693,59.30299889847919
39.574382921947965,90.50818833915102,59.335954582106
39.610406937958636,90.53132698344622,59.36908942360574
39.64643095396931,90.55437075892762,59.40240180118919
39.682454969979986,90.57732054470186,59.43589006970926
39.71847898599066,90.6001772322732,59.469552560818194
39.75450300200133,90.62294172545779,59.50338758312788
39.79052701801201,90.6456149402966,59.53739342237295
39.82655103402268,90.66819780496655,59.57156834157691
39.86257505003336,90.69069125969028,59.60591058122117
39.89859906604403,90.7130962566442,59.64041835941696
39.9346230820547,90.73541375986512,59.67508987208022
39.97064709806538,90.7576447451552,59.70992329310929
40.00667111407605,90.77979019998558,59.74491677456541
40.04269513008672,90.80185112339828,59.780068446856276
40.0787191460974,90.82382852590669,59.81537641892213
40.11474316210807,90.84572342939458,59.85083877842496
40.15076717811874,90.86753686701357,59.88645359194019
40.18679119412942,90.88926988307915,59.92221890515146
40.22281521014009,90.91092353296517,59.95813274304783
40.25883922615076,90.93249888299692,59.99419311012403
40.29486324216144,90.95399701034282,60.030397990583204
40.33088725817211,90.97541900290447,60.06674534854243
40.36691127418278,90.99676595920556,60.103233128240944
40.40293529019346,91.01803898827905,60.13985925425099
40.43895930620413,91.03923920955313,60.17662163169126
40.47498332221481,91.0603677527358,60.21351814644311
40.51100733822548,91.08142575769799,60.25054666536908
40.547031354236154,91.10241437435525,60.287705036534334
40.58305537024683,91.12333476254821,60.3249910894304
40.6190793862575,91.14418809192168,60.36240263520148
40.655103402268175,91.16497554180222,60.39993746687335
40.69112741827885,91.18569830107467,60.4375933595847
40.727151434289524,91.20635756805713,60.475368070820885
40.763175450300196,91.22695455037478,60.51325934065014
40.799199466310874,91.24749046483237,60.551264891962255
40.835223482321545,91.26796653728533,60.58938243070957
40.87124749833222,91.28838400250987,60.627609646150354
40.907271514342895,91.30874410407155,60.66594421109453
40.943295530353566,91.32904809419283,60.70438378215169
40.97931954636424,91.34929723361923,60.74292599998142
41.015343562374916,91.36949279148445,60.781568489545904
41.05136757838559,91.38963604517411,60.82030886036464
41.08739159439626,91.40972828018853,60.859144706771566
41.12341561040694,91.42977079000414,60.89807360817419
41.15943962641761,91.44976487593382,60.93709312931492
41.19546364242829,91.46971184698619,60.97620082053461
41.23148765843896,91.4896130197236,61.015394218038075
41.26751167444963,91.50946971811916,61.05467084416176
41.30353569046031,91.52928327341266,61.09402820764342
41.33955970647098,91.54905502396531,61.133463803893775
41.37558372248165,91.56878631511358,61.17297511527028
41.41160773849233,91.58847849902185,61.21255961135269
41.447631754503,91.60813293453404,61.25221474922065
41.48365577051367,91.62775098702443,61.29193797373315
41.51967978652435,91.6473340282472,61.331726717809886
41.55570380253502,91.66688343618515,61.371578402714356
41.59172781854569,91.68640059489744,61.411490438338916
41.62775183455637,91.70588689436634,61.45146022349144
41.66377585056704,91.72534373034311,61.49148514618387
41.69979986657771,91.74477250419287,61.53156258392239
41.73582388258839,91.76417462273865,61.571689903999335
41.77184789859906,91.78355149810457,61.61186446378669
41.807871914609734,91.8029045475581,61.652083611031294
41.84389593062041,91.82223519335145,61.692344684151536
41.879919946631084,91.84154486256222,61.73264501253565
41.91594396264176,91.86083498693318,61.77298191684155
41.95196797865243,91.8801070027113,61.81335270929813
41.987991994663105,91.89936235048587,61.853754694008
42.02401601067378,91.9186024750261,61.8941851672517
42.060040026684455,91.93782882511769,61.93464141779318
42.096064042695126,91.95704285339892,61.97512072718687
42.132088058705804,91.97624601619589,62.015620370085784
42.168112074716475,91.99543977335716,62.05613761455109
42.20413609072715,92.01462558808768,62.09666972236291
42.240160106737825,92.03380492678201,62.13721394933232
42.2761841227485,92.05297925885701,62.17776754561447
42.31220813875917,92.07215005658391,62.218327756022966
42.348232154769846,92.09131879491969,62.25889182034532
42.38425617078052,92.11048695133798,62.299456973659375
42.42028018679119,92.12965600565934,62.340020446650975
42.45630420280187,92.14882743988113,62.38057946593245
42.49232821881254,92.16800273800658,62.42113125436217
42.52835223482321,92.18718338587377,62.46167303136502
42.56437625083389,92.20637087098368,62.502202013253765
42.60040026684456,92.22556668232816,62.54271541355123
42.63642428285524,92.2447723102173,62.58321044331343
42.67244829886591,92.26398924610628,62.623684311453324
42.70847231487658,92.28321898242199,62.66413422506546
42.74449633088726,92.30246301238924,62.70455738975126
42.78052034689793,92.32172282985645,62.74495100994497
42.8165443629086,92.34099992912127,62.78531228924033
42.85256837891928,92.36029580475557,62.825638430717795
42.88859239492995,92.37961195143039,62.86592663727223
42.92461641094062,92.39894986374047,62.90617411194139
42.9606404269513,92.41831103602854,62.946378058234544
42.99666444296197,92.43769696220936,62.98653568046186
43.03268845897264,92.45710913559361,63.026644184064
43.06871247498332,92.47654904871149,63.06670077594223
43.10473649099399,92.4960181931362,63.10670266478872
43.140760507004664,92.51551805930714,63.146647061417305
43.17678452301534,92.53505013635325,63.186531179094395
43.212808539026014,92.55461591191586,63.22635223387011
43.24883255503669,92.57421687197177,63.26610744490968
43.284856571047364,92.59385450065601,63.30579403482489
43.320880587058035,92.61353028008472,63.345409230005714
43.35690460306871,92.63324569017787,63.38495026095199
43.392928619079385,92.65300220848204,63.42441436260505
43.428952635090056,92.67280130999319,63.46379877467949
43.464976651100734,92.6926444669794,63.50310074199477
43.501000667111406,92.71253314880371,63.54231751480673
43.53702468312208,92.73246882174715,63.581446349139064
43.573048699132755,92.75245294883146,63.62048450711454
43.60907271514343,92.77248698964249,63.65942925728605
43.6450967311541,92.7925724001532,63.698277874967445
43.681120747164776,92.81271063254721,63.737027642564016
43.71714476317545,92.83290313504224,63.7756758499027
43.75316877918612,92.85315135171388,63.814219794561936
43.7891927951968,92.87345672231962,63.85265678220108
43.82521681120747,92.89382068212294,63.89098412688937
43.86124082721814,92.91424466171789,63.92919915143448
43.89726484322882,92.93473008685373,63.9672991877105
43.93328885923949,92.95527837826003,64.00528157698533
43.96931287525017,92.97589095147192,64.04314367024757
44.00533689126084,92.99656921665593,64.08088282853264
44.04136090727151,93.0173145784359,64.11849642324839
44.07738492328219,93.03812843571959,64.1559818364998
44.11340893929286,93.05901218152525,64.19333646141311
44.14943295530353,93.07996720280923,64.23055770245901
44.18545697131421,93.10099488029344,64.26764297577512
44.22148098732488,93.1220965882936,64.3045897094874
44.25750500333555,93.14327369454796,64.34139534403099
44.29352901934623,93.16452756004638,64.37805733246965
44.3295530353569,93.18585953886013,64.41457314081465
44.36557705136757,93.2072709779721,64.45094024834229
44.40160106737825,93.22876321710761,64.48715614791057
44.43762508338892,93.25033758856588,64.52321834627462
44.473649099399594,93.27199541705198,64.55912436440107
44.50967311541027,93.2937380195096,64.5948717377812
44.545697131420944,93.31556670495425,64.63045801674284
44.581721147431615,93.33748277430738,64.66588076676105
44.617745163442294,93.35948752023094,64.70113756876749
44.653769179452965,93.38158222696285,64.73622601945844
44.68979319546364,93.40376817015314,64.77114373160148
44.725817211474315,93.42604661670086,64.80588833434065
44.761841227484986,93.44841882459164,64.84045747350034
44.797865243495664,93.47088604273634,64.87484881188745
44.833889259506336,93.49344951081012,64.90906002959227
44.86991327551701,93.51611045909279,64.94308882428761
44.905937291527685,93.53887010830958,64.97693291152642
44.94196130753836,93.56172966947315,65.01059002503769
44.97798532354903,93.58469034372624,65.04405791702078
45.014009339559706,93.6077533221854,65.07733435843797
45.05003335557038,93.63091978578557,65.11041713930517
45.08605737158105,93.65419090512566,65.14330406898107
45.12208138759173,93.67756784031508,65.17599297645424
45.1581054036024,93.70105174082124,65.20848171062845
45.19412941961307,93.72464374531816,65.24076814060611
45.23015343562375,93.74834498153608,65.27285015596978
45.26617745163442,93.77215656611193,65.3047256670616
45.30220146764509,93.79607960444125,65.33639260526095
45.33822548365577,93.82011519053086,65.36784892325973
45.37424949966644,93.84426440685283,65.39909259533586
45.41027351567712,93.8685283241995,65.43012161762454
45.44629753168779,93.89290800153967,65.46093400838731
45.48232154769846,93.91740448587595,65.49152780827907
45.51834556370914,93.94201881210338,65.52190108061274
45.55436957971981,93.96675200286909,65.55205191162172
45.59039359573048,93.99160506843327,65.5819784107201
45.62641761174116,94.01657900653149,65.61167871076049
45.66244162775183,94.04167480223802,65.64115096828952
45.6984656437625,94.06689342783068,65.67039336380095
45.73448965977318,94.09223584265692,65.6994041019864
45.77051367578385,94.11770299300102,65.72818141198343
45.806537691794524,94.14329581195292,65.75672354762149
45.8425617078052,94.16901521927824,65.78502878766497
45.878585723815874,94.19486212128953,65.81309543605398
45.914609739826545,94.22083741071927,65.8409218221423
45.950633755837224,94.24694196659391,65.86850630093302
45.986657771847895,94.27317665410946,65.89584725331109
46.02268178785857,94.29954232450861,65.92294308627376
46.058705803869245,94.32603981495909,65.94979223315771
46.094729819879916,94.35266994843373,65.97639315386392
46.130753835890594,94.37943353359181,66.00274433507947
46.166777851901266,94.40633136466201,66.02884429049664
46.20280186791194,94.43336422132684,66.05469156102917
46.238825883922615,94.46053286860865,66.08028471502573
46.27484989993329,94.48783805675706,66.10562234848024
46.31087391594396,94.51528052113815,66.13070308523969
46.346897931954636,94.54286098212503,66.15552557720854
46.38292194796531,94.57058014499015,66.1800885045505
46.41894596397598,94.59843869979903,66.20439057588707
46.45496997998666,94.626437321306,66.22843052849329
46.49099399599733,94.654576668851,66.25220712849006
46.527018012008,94.6828573862586,66.27571917103376
46.56304202801868,94.71128010173828,66.2989654805025
46.59906604402935,94.73984542778665,66.32194491067928
46.63509006004002,94.76855396109117,66.34465634493203
46.6711140760507,94.79740628243579,66.36709869639041
46.70713809206137,94.82640295660804,66.38927090811939
46.74316210807205,94.85554453230816,66.41117195328957
46.77918612408272,94.8848315420597,66.43280083534425
46.81521014009339,94.91426450212214,66.45415658816323
46.85123415610407,94.94384391240501,66.47523827622318
46.88725817211474,94.97357025638411,66.49604499475474
46.92328218812541,95.0034440010192,66.51657586989634
46.95930620413609,95.03346559667386,66.53683005884437
46.99533022014676,95.06363547703678,66.55680675000022
47.03135423615743,95.09395405904525,66.57650516311368
47.06737825216811,95.12442174281027,66.595924549423
47.10340226817878,95.15503891154361,66.61506419179133
47.139426284189454,95.18580593148678,66.63392340483986
47.17545030020013,95.21672315184173,66.65250153507719
47.211474316210804,95.24779090470363,66.67079796102541
47.247498332221475,95.27900950499546,66.68881209334234
47.283522348232154,95.31037925040451,66.70654337494045
47.319546364242825,95.34190042132079,66.72399128110199
47.355570380253496,95.37357328077752,66.74115531959053
47.391594396264175,95.40539807439342,66.75803503075898
47.427618412274846,95.43737503031686,66.77462998765371
47.463642428285524,95.46950435917236,66.79093979611523
47.499666444296196,95.50178625400862,66.80696409487504
47.53569046030687,95.53422089024883,66.82270255564883
47.571714476317545,95.56680842564288,66.83815488322585
47.60773849232822,95.59954900022147,66.8533208155546
47.64376250833889,95.6324427362525,66.86820012382485
47.679786524349566,95.6654897381992,66.8827926125457
47.71581054036024,95.69869009268038,66.89709811961993
47.75183455637091,95.73204386843281,66.91111651641458
47.78785857238159,95.76555111627556,66.92484770782765
47.82388258839226,95.79921186907629,66.93829163235105
47.85990660440293,95.83302614171984,66.95144826212949
47.89593062041361,95.86699393107872,66.96431760301579
47.93195463642428,95.90111521598561,66.97689969462209
47.96797865243495,95.93538995720809,66.98919461036736
48.00400266844563,95.96981809742543,67.0012024575208
48.0400266844563,96.00439956120734,67.0129233772415
48.07605070046697,96.03913425499493,67.02435754461412
48.11207471647765,96.07402206708386,67.03550516868067
48.14809873248832,96.1090628676092,67.04636649246821
48.184122748499,96.14425650853303,67.05694179301288
48.22014676450967,96.1796028236335,67.06723138137966
48.25617078052034,96.21510162849654,67.07723560267837
48.29219479653102,96.2507527205093,67.08695483607563
48.32821881254169,96.28655587885598,67.09638949480285
48.364242828552364,96.32251086451566,67.10554002616014
48.40026684456304,96.3586174202624,67.11440691151647
48.43629086057371,96.39487527066719,67.12299066630543
48.472314876584385,96.4312841221024,67.13129184001743
48.50833889259506,96.46784366274815,67.13931101618753
48.544362908605734,96.5045535626009,67.1470488123795
48.580386924616406,96.54141347348413,67.1545058801656
48.616410940627084,96.5784230290613,67.16168290510265
48.652434956637755,96.61558184485077,67.16858060670376
48.68845897264843,96.65288951824311,67.17519973840628
48.724482988659105,96.69034562852036,67.18154108753556
48.760507004669776,96.72794973687752,67.18760547526472
48.79653102068045,96.76570138644621,67.19339375657033
48.832555036691126,96.80360010232062,67.19890682018422
48.8685790527018,96.8416453915852,67.204145588541
48.904603068712476,96.87983674334512,67.2091110177218
48.94062708472315,96.9181736287583,67.21380409739372
48.97665110073382,96.95665550107003,67.21822585074541
49.0126751167445,96.99528179564945,67.22237733441865
49.04869913275517,97.0340519300284,67.22625963843564
49.08472314876584,97.0729653039423,67.22987388612252
49.12074716477652,97.11202129937327,67.23322123402883
49.15677118078719,97.15121928059526,67.23630287184278
49.19279519679786,97.19055859422154,67.23912002230259
49.22881921280854,97.2300385692541,67.24167394110383
49.26484322881921,97.26965851713545,67.24396591680282
49.30086724482988,97.30941773180231,67.24599727071585
49.33689126084056,97.34931548974164,67.24776935681442
49.37291527685123,97.38935105004867,67.24928356161664
49.4089392928619,97.42952365448717,67.25054130407449
49.44496330887258,97.46983252755177,67.25154403545719
49.48098732488325,97.51027687653243,67.25229323923045
49.51701134089393,97.55085589158105,67.252790430932
49.5530353569046,97.59156874578014,67.2530371580428
49.58905937291527,97.63241459521372,67.25303499985472
49.62508338892595,97.67339257904015,67.25278556733394
49.66110740493662,97.71450181956723,67.25229050298056
49.697131420947294,97.75574142232927,67.2515514806843
49.73315543695797,97.79711047616635,67.2505702055763
49.76917945296864,97.83860805330559,67.24934841387683
49.805203468979315,97.88023320944455,67.24788787273951
49.84122748498999,97.9219849838366,67.24619038009116
49.877251501000664,97.96386239937851,67.24425776446823
49.913275517011336,98.00586446269998,67.24209188484909
49.949299533022014,98.04799016425522,67.23969463048265
49.985323549032685,98.09023847841671,67.237067920713
50.02134756504336,98.13260836357074,67.23421370480048
50.057371581054035,98.17509876221523,67.23113396173875
50.093395597064706,98.21770860105943,67.2278307000681
50.12941961307538,98.26043679112564,67.22430595768512
50.165443629086056,98.303282227853,67.2205618016486
50.20146764509673,98.34624379120314,67.21660032798158
50.237491661107406,98.389320345768,67.21242366146987
50.27351567711808,98.43251074087937,67.2080339554567
50.30953969312875,98.47581381072067,67.20343339163385
50.34556370913943,98.5192283744405,67.19862417982911
50.3815877251501,98.56275323626814,67.19360855778991
50.41761174116077,98.60638718563104,67.18838879096366
50.45363575717145,98.65012899727425,67.18296717227425
50.48965977318212,98.69397743138165,67.17734602189502
50.52568378919279,98.73793123369923,67.17152768701831
50.56170780520347,98.78198913566006,67.16551454162128
50.59773182121414,98.82614985451133,67.15930898622842
50.63375583722481,98.87041209344318,67.15291344767044
50.66977985323549,98.9147745417193,67.14633037883968
50.70580386924616,98.95923587480945,67.13956225844223
50.74182788525683,99.00379475452388,67.1326115907465
50.77785190126751,99.04844982914935,67.12548090532852
50.81387591727818,99.09319973358714,67.11817275681364
50.84989993328885,99.13804308949275,67.11068972461518
50.88592394929953,99.18297850541744,67.10303441266961
50.9219479653102,99.2280045769514,67.09520944916846
50.95797198132088,99.27311988686893,67.0872174862869
50.99399599733155,99.31832300527486,67.07906119990926
51.030020013342224,99.36361248975334,67.07074328935116
51.0660440293529,99.40898688551775,67.06226647707858
51.10206804536357,99.45444472556258,67.05363350842372
51.138092061374245,99.49998453081702,67.0448471512977
51.17411607738492,99.54560481029998,67.03591019590027
51.210140093395594,99.59130406127693,67.0268254544264
51.246164109406266,99.63708076941836,67.01759576076977
51.282188125416944,99.68293340895977,67.00822397022334
51.318212141427615,99.72886044286324,66.99871295917696
51.35423615743829,99.77486032298066,66.9890656248119
51.390260173448965,99.82093149021844,66.97928488479266
51.426284189459636,99.86707237470381,66.96937367695573
51.46230820547031,99.91328139595265,66.95933495899556
51.498332221480986,99.95955696303872,66.94917170814776
51.53435623749166,100.00589747476451,66.93888692086946
51.57038025350233,100.05230131983353,66.92848361251694
51.60640426951301,100.09876687702399,66.9179648170205
51.64242828552368,100.14529251536388,66.90733358655673
51.67845230153436,100.19187659430776,66.89659299121807
51.71447631754503,100.2385174639144,66.88574611867976
51.7505003335557,100.2852134650265,66.87479607386419
51.78652434956638,100.33196292945104,66.86374597860282
51.82254836557705,100.37876418014156,66.85259897129542
51.85857238158772,100.42561553138138,66.84135820656702
51.8945963975984,100.4725152889684,66.8300268549222
51.93062041360907,100.5194617504009,66.81860810239726
51.96664442961974,100.56645320506487,66.80710515020982
52.00266844563042,100.61348793442241,66.79552121440607
52.03869246164109,100.66056421220134,66.78385952550595
52.07471647765176,100.70768030458618,66.77212332814594
52.11074049366244,100.75483447041017,66.76031588071957
52.14676450967311,100.80202496134845,66.74844045501595
52.18278852568378,100.84925002211241,66.73650033585595
52.21881254169446,100.89650789064521,66.7244988207265
52.25483655770513,100.94379679831832,66.71243921941269
52.29086057371581,100.9911149701291,66.70032485362792
52.32688458972648,101.03846062489961,66.68815905664206
52.362908605737154,101.08583197547628,66.67594517290769
52.39893262174783,101.13322722893062,66.66368655768446
52.4349566377585,101.18064458676095,66.65138657666152
52.470980653769175,101.22808224509515,66.63904860557834
52.50700466977985,101.27553839489426,66.62667602984341
52.543028685790524,101.32301122215699,66.61427224415173
52.579052701801196,101.37049890812524,66.60184065210008
52.615076717811874,101.41799962949041,66.58938466580099
52.651100733822545,101.46551155860054,66.57690770549507
52.68712474983322,101.5130328636684,66.56441319916168
52.723148765843895,101.56056170898023,66.55190458212812
52.759172781854566,101.60809625510538,66.5393852966775
52.79519679786524,101.65563465910671,66.52685879165493
52.831220813875916,101.70317507475161,66.5143285220726
52.86724482988659,101.75071565272383,66.5017979487133
52.90326884589726,101.79825454083604,66.48927053773285
52.93929286190794,101.84578988424292,66.47674976026109
52.97531687791861,101.89331982565503,66.4642390920018
53.01134089392929,101.94084250555318,66.45174201283152
53.04736490993996,101.98835606240343,66.439262006397
53.08338892595063,102.03585863287276,66.42680255971192
53.11941294196131,102.08334835204516,66.41436716275234
53.15543695797198,102.13082335363822,66.40195930805133
53.19146097398265,102.1782817702203,66.38958249029255
53.22748498999333,102.2257217334282,66.37724020590308
53.263509006004,102.27314137418514,66.36493595264531
53.29953302201467,102.3205388229193,66.35267322920814
53.33555703802535,102.36791220978266,66.34045553479726
53.37158105403602,102.41525966487015,66.32828636872503
53.40760507004669,102.46257931843947,66.31616922999946
53.44362908605737,102.50986930113072,66.30410761691269
53.47965310206804,102.55712774418683,66.2921050266289
53.51567711807871,102.60435277967386,66.28016495477176
53.55170113408939,102.65154254070185,66.26829089501138
53.58772515010006,102.69869516164562,66.25648633865084
53.623749166110734,102.74580877836597,66.24475477421244
53.65977318212141,102.792881528431,66.23309968702354
53.695797198132084,102.83991155133744,66.22152455880216
53.73182121414276,102.88689698873226,66.21003286724248
53.76784523015343,102.9338359846343,66.19862808559999
53.803869246164105,102.98072668565592,66.1873136822766
53.83989326217478,103.02756724122483,66.17609312040578
53.875917278185455,103.07435580380573,66.16496985743754
53.911941294196126,103.12109052912207,66.15394734472348
53.947965310206804,103.16776957637782,66.14302902710192
53.983989326217475,103.21439110847894,66.13221834248316
54.02001334222815,103.26095329225502,66.121518721435
54.056037358238825,103.30745429868074,66.11093358676823
54.0920613742495,103.35389230309693,66.10046635312273
54.12808539026017,103.40026548543186,66.09012042655358
54.164109406270846,103.44657203042209,66.07989920411784
54.20013342228152,103.49281012783302,66.0698060734614
54.23615743829219,103.53897797267953,66.05984441240663
54.27218145430287,103.58507376544588,66.05001758854037
54.30820547031354,103.63109571230572,66.04032895880255
54.34422948632421,103.67704202534156,66.03078186907528
54.38025350233489,103.72291092276389,66.02137965377293
54.41627751834556,103.76870062912997,66.0121256354325
54.45230153435624,103.8144093755622,66.00302312430519
54.48832555036691,103.86003539996608,65.99407541794838
54.52434956637758,103.90557694724762,65.9852858008188
54.56037358238826,103.95103226953037,65.97665754386637
54.59639759839893,103.99639962637187,65.96819390412918
54.6324216144096,104.04167728497954,65.95989812432938
54.66844563042028,104.08686352042616,65.9517734324701
54.70446964643095,104.13195661586452,65.9438230414336
54.74049366244162,104.17695486274162,65.93605014858046
54.7765176784523,104.22185656101222,65.92845793535005
54.81254169446297,104.26666001935159,65.92104956686221
54.84856571047364,104.31136355536775,65.91382819152022
54.88458972648432,104.35596549581282,65.9067969406152
54.92061374249499,104.40046417679375,65.89995892793185
54.956637758505664,104.44485794398213,65.89331724935558
54.99266177451634,104.48914515282343,65.88687498248133
55.028685790527014,104.53332416874515,65.88063518622366
55.064709806537685,104.57739336736428,65.87460090042875
55.100733822548364,104.62135113469385,65.86877514548769
55.136757838559035,104.66519586734859,65.8631609219518
55.17278185456971,104.70892597274961,65.85776121014946
55.208805870580385,104.75253986932817,65.85257896980485
55.244829886591056,104.7960359867285,65.84761713965833
55.280853902601734,104.83941276600952,65.84287863708903
55.316877918612406,104.88266865984558,65.83836635773903
55.35290193462308,104.92580213272622,65.83408317513977
55.388925950633755,104.96881166115475,65.83003194034022
55.42494996664443,105.0116957338457,65.82621548153749
55.4609739826551,105.05445285192127,65.8226366037091
55.496997998665776,105.09708152910656,65.8192980882478
55.53302201467645,105.13958029192352,65.8162026925984
55.56904603068712,105.18194767988386,65.81335314989691
55.6050700466978,105.22418224568071,65.8107521686119
55.64109406270847,105.26628255537878,65.80840243218836
55.67711807871914,105.30824718860373,65.8063065986938
55.71314209472982,105.35007473872965,65.80446730046687
55.74916611074049,105.39176381306572,65.80288714376843
55.78519012675117,105.43331303304126,65.80156870843516
55.82121414276184,105.47472103438936,65.8005145475357
55.85723815877251,105.51598646732937,65.79972718702953
55.89326217478319,105.55710799674772,65.79920912542823
55.92928619079386,105.59808430237737,65.79896283345987
55.96531020680453,105.63891407897586,65.79899075373572
56.00133422281521,105.67959603650183,65.79929530041997
56.03735823882588,105.72012890028995,65.7998788589023
56.07338225483655,105.7605114112244,65.80074378547324
56.10940627084723,105.80074232591087,65.80189240700247
56.1454302868579,105.8408204168467,65.80332702062007
56.18145430286857,105.88074447258973,65.80504989340085
56.21747831887925,105.92051329792537,65.80706326205161
56.25350233488992,105.96012571403196,65.8093693326016
56.289526350900594,105.99958055864462,65.81197028009596
56.32555036691127,106.03887668621736,65.81486824829248
56.361574382921944,106.07801296808326,65.81806534936149
56.397598398932615,106.11698829261331,65.82156366358903
56.433622414943294,106.15580156537314,65.82536523908321
56.469646430953965,106.19445170927817,65.82947209148405
56.50567044696464,106.2329376647469,65.83388620367661
56.541694462975315,106.27125838985233,65.83860952550752
56.577718478985986,106.30941286047167,65.8436439735049
56.613742494996664,106.34740007043408,65.8489914306019
56.649766511007336,106.38521903166647,65.85465374586367
56.68579052701801,106.42286877433767,65.86063273421789
56.721814543028685,106.46034834700033,65.8669301761889
56.75783855903936,106.49765681673117,65.87354781763548
56.79386257505003,106.534793269269,65.88048736949227
56.829886591060706,106.57175680915111,65.88775050751498
56.86591060707138,106.60854655984724,65.89533887202914
56.90193462308205,106.64516166389194,65.90325406768291
56.93795863909273,106.6816012830146,65.91149766320338
56.9739826551034,106.71786459826751,65.92007119115705
57.01000667111407,106.75395081015196,65.92897614771388
57.04603068712475,106.78985913874214,65.93821399241548
57.08205470313542,106.82558882380684,65.9477861479471
57.11807871914609,106.86113912492931,65.95769399991367
57.15410273515677,106.89650932162465,65.9679388966199
57.19012675116744,106.93169871345529,65.97852214885422
57.22615076717812,106.9667066201441,65.98944502967704
57.26217478318879,107.00153238168551,66.00070877421301
57.29819879919946,107.03617535845422,66.01231457944732
57.33422281521014,107.07063493131184,66.0242636040264
57.37024683122081,107.10491050171115,66.03655696806251
57.40627084723148,107.13900149179824,66.04919575294288
57.44229486324216,107.17290734451228,66.06218100114287
57.47831887925283,107.20662752368301,66.07551371604349
57.5143428952635,107.24016151412599,66.0891948617532
57.55036691127418,107.27350882173545,66.10322536293418
57.58639092728485,107.30666897357484,66.11760610463283
57.622414943295524,107.33964151796513,66.1323379321146
57.6584389593062,107.3724260245705,66.14742165070345
57.694462975316874,107.40502208448197,66.16285802562564
57.730486991327545,107.43742931029831,66.17864778185796
57.766511007338224,107.46964733620496,66.19479160398043
57.802535023348895,107.50167581805,66.21129013603371
57.838559039359566,107.53351443341828,66.2281439813808
57.874583055370245,107.56516288170258,66.2453537025735
57.910607071380916,107.59662088417274,66.26291982122329
57.946631087391594,107.62788818404204,66.28084281787707
57.982655103402266,107.6589645465312,66.29912313189718
58.01867911941294,107.68984975893,66.31776116134644
58.054703135423615,107.72054363065618,66.33675726287758
58.09072715143429,107.75104599331209,66.35611175162752
58.12675116744496,107.78135670073854,66.37582490111635
58.162775183455636,107.81147562906641,66.39589694315096
58.19879919946631,107.84140267676543,66.41632806773347
58.23482321547698,107.87113776469069,66.43711842297455
58.27084723148766,107.90068083612641,66.45826811501125
58.30687124749833,107.93003185682718,66.47977720792996
58.342895263509,107.95919081505667,66.50164572369383
58.37891927951968,107.98815772162365,66.52387364207549
58.41494329553035,108.01693260991561,66.54646090059408
58.45096731154102,108.04551553592955,66.5694073944577
58.4869913275517,108.07390657830032,66.59271297651023
58.52301534356237,108.10210583832628,66.6163774571834
58.55903935957305,108.13011343999241,66.64040060445366
58.59506337558372,108.15792952999058,66.66478214380392
58.63108739159439,108.18555427773754,66.68952175819027
58.66711140760507,108.21298787538989,66.71461908801369
58.70313542361574,108.24023053785668,66.74007373109657
58.73915943962641,108.2672825028092,66.76588524266442
58.77518345563709,108.29414403068822,66.79205313533231
58.81120747164776,108.32081540470838,66.81857687909648
58.84723148765843,108.34729693086027,66.84545590133082
58.88325550366911,108.37358893790935,66.8726895867885
58.91927951967978,108.3996917773926,66.90027727760842
58.955303535690454,108.42560582361233,66.92821827332686
58.99132755170113,108.4513314736273,66.95651183089397
59.027351567711804,108.47686914724116,66.98515716469547
59.063375583722475,108.5022192869882,67.01415344657929
59.099399599733154,108.52738235811643,67.04349980588718
59.135423615743825,108.55235884856799,67.07319532949154
59.171447631754496,108.57714926895679,67.10323906183714
59.207471647765175,108.60175415254346,67.13363000498798
59.243495663775846,108.62617405520766,67.16436711867907
59.279519679786524,108.6504095554177,67.19544932037353
59.315543695797196,108.67446125419735,67.22687548532438
59.35156771180787,108.69832977509009,67.25864444664175
59.387591727818545,108.72201576412044,67.29075499536485
59.42361574382922,108.74551988975297,67.32320588053913
59.45963975983989,108.76884284284816,67.35599580929855
59.495663775850566,108.79198533661592,67.38912344695277
59.53168779186124,108.81494810656616,67.42258741707944
59.56771180787191,108.83773191045691,67.45638630162156
59.60373582388259,108.86033752823946,67.49051864098988
59.63975983989326,108.88276576200104,67.52498293417025
59.67578385590393,108.9050174359048,67.55977763883615
59.71180787191461,108.92709339612685,67.59490117146616
59.74783188792528,108.94899451079098,67.63035190746636
59.78385590393595,108.97072166990043,67.66612818129798
59.81987991994663,108.9922757852671,67.70222828660985
59.8559039359573,109.01365779043805,67.73865047637588
59.89192795196797,109.03486864061935,67.77539296303765
59.92795196797865,109.05590931259732,67.81245391865185
59.96397598398932,109.07678080465698,67.84983147504276
60.0,109.097484136498,67.88752372395967
