t,x_pred_de,y_pred_de
6.0,59.48714630609828,45.78532732626588
6.036024016010674,59.51991951520497,45.80041872787451
6.072048032021348,59.55275468017688,45.81539333098963
6.108072048032021,59.58565177444099,45.830251185706445
6.144096064042695,59.61861076411206,45.844992355905
6.180120080053369,59.65163160798583,45.85961691926313
6.216144096064043,59.68471425753286,45.87412496726793
6.252168112074717,59.71785865689344,45.88851660522555
6.28819212808539,59.75106474287316,45.90279195226934
6.324216144096064,59.78433244493947,45.916951141366475
6.360240160106738,59.81766168521901,45.93099431932292
6.396264176117412,59.85105237849585,45.944921646786774
6.432288192128086,59.884504432210576,45.95873329825001
6.468312208138759,59.91801774646023,45.972429462048545
6.504336224149433,59.95159221399909,45.986010340360785
6.540360240160107,59.98522772024039,45.99947614920441
6.576384256170781,60.0189241432588,46.01282711843166
6.6124082721814545,60.05268135379388,46.02606349172286
6.648432288192128,60.08649921525428,46.03918552657845
6.684456304202802,60.12037758372294,46.05219349430926
6.7204803202134755,60.15431630796305,46.06508768002521
6.7565043362241495,60.18831522942492,46.07786838262235
6.792528352234823,60.222374182253745,46.090535914768296
6.8285523682454965,60.256492993298174,46.10309060288599
6.8645763842561704,60.29067148211983,46.11553278713583
6.900600400266844,60.324909461003635,46.12786282139614
6.936624416277518,60.35920673496901,46.140081073242094
6.972648432288192,60.393563101782,46.15218792392284
7.008672448298865,60.42797835196821,46.164183768337146
7.044696464309539,60.46245226882661,46.1760690150073
7.080720480320213,60.496984628444295,46.187844086051406
7.116744496330887,60.53157519971198,46.19950941715405
7.152768512341561,60.566223744340476,46.211065457535305
7.188792528352234,60.60093001687795,46.22251266991817
7.224816544362908,60.63569376472815,46.23385153049423
7.260840560373582,60.670514728169394,46.245082528887856
7.296864576384256,60.705392640374484,46.256206168118666
7.33288859239493,60.74032722743145,46.267222964562364
7.368912608405603,60.775318208365206,46.27813344791001
7.404936624416278,60.81036529516003,46.28893816112558
7.440960640426951,60.84546819278288,46.299637660402
7.476984656437625,60.88062659920764,46.31023251511548
7.513008672448299,60.915840205440155,46.32072330777827
7.549032688458972,60.95110869554418,46.33111063398984
7.585056704469647,60.98643174666811,46.34139510238633
7.62108072048032,61.02180902907264,46.35157733458853
7.657104736490994,61.057240206159236,46.3616579651482
7.693128752501668,61.09272493449944,46.371637641492754
7.729152768512341,61.12826286386503,46.381517023868426
7.765176784523016,61.1638536372591,46.391296785281796
7.801200800533689,61.19949689094781,46.40097761143973
7.837224816544363,61.23519225449316,46.41056020068775
7.873248832555037,61.270939350786456,46.420045263946854
7.909272848565711,61.30673779608274,46.42943352464871
7.945296864576385,61.34258720003592,46.43872571866933
7.981320880587058,61.378487165734796,46.44792259426119
8.01734489659773,61.41443728973994,46.45702491198374
8.053368912608406,61.45043716212133,46.46603344463238
8.089392928619079,61.486486366496834,46.47494897716599
8.125416944629754,61.52258448007151,46.48377230663277
8.161440960640427,61.55873107367773,46.4925042420947
8.197464976651101,61.594925711816074,46.5011456045503
8.233488992661774,61.63116795269706,46.50969722685609
8.269513008672448,61.6674573482837,46.518159953646354
8.305537024683122,61.703793444334735,46.52653464125149
8.341561040693795,61.74017578044885,46.53482215761487
8.377585056704469,61.776603890109506,46.54302338220817
8.413609072715143,61.81307730073064,46.55113920594526
8.449633088725816,61.849595533703145,46.55917053109459
8.485657104736491,61.88615810444212,46.56711827119015
8.521681120747164,61.92276452243484,46.57498335094088
8.55770513675784,61.959414291289605,46.58276670613885
8.593729152768512,61.996106908785244,46.59046928356568
8.629753168779185,62.032841866921416,46.59809204089784
8.66577718478986,62.06961865196969,46.60563594661033
8.701801200800533,62.10643674452535,46.61310197987903
8.737825216811206,62.14329561955992,46.62049113048167
8.773849232821881,62.180194746474484,46.627804398697286
8.809873248832556,62.21713358915369,46.635042795204456
8.845897264843229,62.2541116060205,46.64220734097805
8.881921280853902,62.291128250091674,46.64929906718467
8.917945296864577,62.32818296903395,46.656319015076704
8.95396931287525,62.365275205220975,46.66326823588505
8.989993328885923,62.40240439579085,46.670147790710516
9.026017344896598,62.43956997270452,46.67695875041392
9.062041360907271,62.47677136280471,46.683702195504814
9.098065376917944,62.514007987875665,46.690379216028994
9.134089392928619,62.5512792647035,46.69699091145464
9.170113408939294,62.58858460513727,46.70353839055726
9.206137424949967,62.62592341615066,46.7100227713033
9.24216144096064,62.663295099904424,46.71644518073252
9.278185456971315,62.70069905380939,46.722806754839205
9.314209472981988,62.738134670590156,46.729108638452
9.35023348899266,62.77560133834949,46.73535198511267
9.386257505003336,62.813098440633226,46.741537956953586
9.422281521014009,62.85062535649593,46.74766772457401
9.458305537024682,62.88818146056715,46.75374246691525
9.494329553035357,62.92576612311821,46.75976337113463
9.530353569046031,62.963378710129746,46.765731632478264
9.566377585056705,63.00101858335974,46.77164845415276
9.602401601067378,63.038685100412174,46.77751504719576
9.638425617078052,63.076377614806354,46.78333263034537
9.674449633088726,63.11409547604668,46.7891024299085
9.710473649099399,63.15183802969309,46.79482567962811
9.746497665110073,63.18960461743206,46.800503620549385
9.782521681120746,63.227394577148125,46.80613750088487
9.818545697131421,63.26520724299599,46.81172857587856
9.854569713142094,63.30304194547318,46.817278107668926
9.89059372915277,63.34089801149321,46.822787365150965
9.926617745163442,63.37877476445929,46.82825762383726
9.962641761174115,63.416671524338554,46.833690165718
9.99866577718479,63.45458760773687,46.839086279120124
10.034689793195463,63.49252232797399,46.84444725856538
10.070713809206136,63.530474995159366,46.84977440462761
10.106737825216811,63.56844491626839,46.85506902378892
10.142761841227486,63.6064313952191,46.86033242829515
10.178785857238157,63.64443373294936,46.86556593601027
10.214809873248832,63.68245122749456,46.87077087027001
10.250833889259507,63.720483174065706,46.87594855973458
10.28685790527018,63.75852886512796,46.88110033824059
10.322881921280853,63.79658759047971,46.88622754465209
10.358905937291528,63.83465863733194,46.89133152271079
10.394929953302201,63.872741290388134,46.89641362088563
10.430953969312874,63.91083483192449,46.90147519222131
10.466977985323549,63.94893854187066,46.906517594186305
10.503002001334224,63.98705169789076,46.91154218851998
10.539026017344895,64.02517357546489,46.91655034107908
10.57505003335557,64.06330344797088,46.92154342168342
10.611074049366245,64.1014405867666,46.9265228039609
10.647098065376918,64.1395842612724,46.93148986519193
10.683122081387591,64.17773373905416,46.93644598615305
10.719146097398266,64.21588828590643,46.941392550960025
10.755170113408939,64.25404716593606,46.94633094691025
10.791194129419612,64.2922096416461,46.95126256432459
10.827218145430287,64.33037497402005,46.956188796388574
10.863242161440962,64.36854242260634,46.96111103899308
10.899266177451633,64.40671124560319,46.96603069057442
10.935290193462308,64.44488069994368,46.970949151953896
10.971314209472983,64.48305004138116,46.97586782617687
11.007338225483656,64.52121852457485,46.980788118351256
11.043362241494329,64.5593854031758,46.98571143548567
11.079386257505003,64.59754992991299,46.99063918632692
11.115410273515677,64.63571135667975,46.99557278119724
11.15143428952635,64.67386893462032,47.000513631830955
11.187458305537024,64.71202191421673,47.005463151210854
11.2234823215477,64.75016954537581,47.01042275340407
11.25950633755837,64.78831107751643,47.01539385339765
11.295530353569045,64.82644575965688,47.020377866933735
11.33155436957972,64.86457284050252,47.02537621034446
11.367578385590393,64.90269156853351,47.0303903003865
11.403602401601066,64.94080119209275,47.03542155407529
11.439626417611741,64.97890095947392,47.04047138851905
11.475650433622414,65.01699011900968,47.04554122075247
11.511674449633087,65.05506791916005,47.050632467570225
11.547698465643762,65.09313360860082,47.05574654536019
11.583722481654437,65.13118643631208,47.06088486993657
11.61974649766511,65.16922565166689,47.06604885637271
11.655770513675783,65.20725050452005,47.07123991883386
11.691794529686458,65.24526024529685,47.07645947040973
11.727818545697131,65.28325412508197,47.08170892294697
11.763842561707804,65.32123139570844,47.08698968688149
11.799866577718479,65.35919130984654,47.09230317107073
11.835890593729152,65.39713312109289,47.09765078262591
11.871914609739825,65.43505608405944,47.103033926744125
11.9079386257505,65.4729594544625,47.10845400654051
11.943962641761175,65.51084248921183,47.11391242288036
11.979986657771848,65.54870444649961,47.1194105742113
12.016010673782521,65.5865445858896,47.12494985639542
12.052034689793196,65.62436216840595,47.13053166254152
12.088058705803869,65.66215645662231,47.13615738283743
12.124082721814542,65.69992671475062,47.1418284043824
12.160106737825217,65.73767220873005,47.147546111019594
12.19613075383589,65.7753922063157,47.15331188316877
12.232154769846563,65.81308597716736,47.159127097659024
12.268178785857238,65.85075279293802,47.16499312756182
12.304202801867913,65.88839192736248,47.17091134202414
12.340226817878586,65.92600265634562,47.17688310610179
12.376250833889259,65.96358425805076,47.18290978059312
12.412274849899934,66.00113601298776,47.1889927218728
12.448298865910607,66.03865720410096,47.195133281725994
12.48432288192128,66.07614711685704,47.20133280718275
12.520346897931955,66.11360503933275,47.20759264035279
12.556370913942628,66.15103026230227,47.21391411826054
12.5923949299533,66.18842207932458,47.22029857268054
12.628418945963976,66.2257797868306,47.22674732997328
12.66444296197465,66.26310268421003,47.23326171092135
12.700466977985323,66.300390073898,47.23984303056605
12.736490993995996,66.33764126146164,47.24649259804441
12.772515010006671,66.37485555568617,47.25321171642668
12.808539026017344,66.4120322686609,47.26000168255425
12.844563042028017,66.44917071586494,47.266863786878105
12.880587058038692,66.48627021625265,47.273799313297786
12.916611074049365,66.52333009233875,47.28080953900087
12.952635090060038,66.56034967028319,47.28789573430295
12.988659106070713,66.59732827997568,47.295059162488286
13.024683122081388,66.63426525512003,47.30230107965097
13.060707138092061,66.67115993331794,47.3096227345367
13.096731154102734,66.70801165615266,47.31702536838525
13.132755170113409,66.74481976927225,47.3245102147735
13.168779186124082,66.78158362247244,47.332078499459136
13.204803202134755,66.81830256977915,47.339731440225165
13.24082721814543,66.85497596953067,47.347470246724946
13.276851234156105,66.89160318445941,47.355296120328106
13.312875250166776,66.92818358177328,47.36321025396709
13.348899266177451,66.9647165332367,47.37121383198453
13.384923282188126,67.00120141525107,47.37930802998138
13.420947298198799,67.03763760893497,47.387494014665876
13.456971314209472,67.07402450020383,47.39577294370324
13.492995330220147,67.11036147984922,47.40414596556635
13.52901934623082,67.14664794361758,47.412614219387116
13.565043362241493,67.18288329228861,47.421178834808856
13.601067378252168,67.2190669317531,47.42984093183949
13.637091394262843,67.25519827309031,47.438601620705725
13.673115410273514,67.29127673264486,47.44746200170806
13.709139426284189,67.32730173210308,47.456423165076835
13.745163442294864,67.36327269856889,47.46548619082923
13.781187458305537,67.39918906463915,47.474652148627214
13.81721147431621,67.43505026847845,47.48392209763654
13.853235490326885,67.47085575389335,47.493297086386725
13.889259506337558,67.50660497040616,47.502778152632104
13.92528352234823,67.542297373328,47.51236632321393
13.961307538358906,67.57793242383144,47.52206261392356
13.99733155436958,67.6135095890225,47.53186802936669
14.033355570380253,67.64902834201202,47.541783562828776
14.069379586390927,67.68448816198648,47.551810196141524
14.105403602401601,67.71988853427824,47.56194889955056
14.141427618412274,67.75522895043508,47.572200631584224
14.177451634422948,67.79050890828917,47.582566338923606
14.213475650433622,67.82572791202539,47.593046956273724
14.249499666444295,67.86088547224902,47.603643406235946
14.28552368245497,67.89598110605277,47.61435659918163
14.321547698465643,67.93101433708311,47.62518743312704
14.357571714476316,67.965984695606,47.63613679360945
14.393595730486991,68.00089171857186,47.64720555356466
14.429619746497664,68.03573494967993,47.658394573205676
14.46564376250834,68.07051393944191,47.66970469990278
14.501667778519012,68.1052282452448,47.68113676806491
14.537691794529685,68.13987743141321,47.692691599022396
14.57371581054036,68.17446106927079,47.70437000091102
14.609739826551033,68.20897873720098,47.71617276855754
14.645763842561708,68.24343002070705,47.72810068336647
14.681787858572381,68.27781451247137,47.74015451320839
14.717811874583054,68.31213181241391,47.75233501230964
14.753835890593729,68.34638152774997,47.764642921143434
14.789859906604402,68.38056327304724,47.77707896632242
14.825883922615077,68.41467667028193,47.789643860492774
14.86190793862575,68.44872134889418,47.802338302229685
14.897931954636423,68.48269694584275,47.815162975934406
14.933955970647098,68.51660310565876,47.828118551732814
14.969979986657771,68.5504394804988,47.841205685375385
15.006004002668446,68.584205730197,47.854425018138926
15.042028018679119,68.6179015223165,47.86777717672963
15.078052034689792,68.65152653219997,47.88126277318784
15.114076050700467,68.68508044301926,47.89488240479435
15.15010006671114,68.71856294582432,47.90863665397831
15.186124082721815,68.75197373959115,47.92252608822671
15.222148098732488,68.78531253126901,47.93655125999552
15.25817211474316,68.81857903582662,47.95071270662244
15.294196130753836,68.85177297629762,47.96501095024132
15.330220146764509,68.88489408382507,47.97944649769823
15.366244162775184,68.9179420977051,47.99401984046912
15.402268178785857,68.95091676542964,48.00873145457934
15.43829219479653,68.98381784272829,48.02358180052467
15.474316210807205,69.01664509360926,48.03857132319416
15.510340226817878,69.04939829039938,48.0537004517947
15.546364242828552,69.08207721378322,48.0689695997772
15.582388258839226,69.11468165284131,48.08437916476468
15.618412274849899,69.14721140508738,48.09992952848197
15.654436290860573,69.17966627650466,48.11562105668726
15.690460306871246,69.21204608158132,48.13145409910536
15.726484322881921,69.24435064334486,48.147428989362815
15.762508338892594,69.27657979339563,48.16354604492472
15.798532354903267,69.30873337193934,48.17980556703344
15.834556370913942,69.34081122781868,48.196207840649066
15.870580386924615,69.37281321854383,48.21275313439175
15.90660440293529,69.40473921032219,48.22944170048581
15.942628418945963,69.43658907808694,48.24627377470576
15.978652434956636,69.46836270552478,48.26324957632413
16.01467645096731,69.50005998510261,48.28036930806113
16.050700466977986,69.53168081809315,48.29763315603626
16.086724482988657,69.56322511459972,48.31504128972174
16.122748498999332,69.5946927935799,48.33259386189783
16.158772515010007,69.62608378286822,48.35029100861004
16.19479653102068,69.65739801919783,48.368132849128315
16.230820547031353,69.6886354482212,48.38611948590798
16.266844563042028,69.7197960245298,48.40425100455276
16.3028685790527,69.75087971167261,48.42252747377962
16.338892595063374,69.78188648217387,48.440948945385564
16.37491661107405,69.8128163175496,48.45951545421642
16.41094062708472,69.84366920832313,48.47822701813748
16.4469646430954,69.87444515403965,48.49708363800617
16.48298865910607,69.90514416327963,48.51608529764658
16.51901267511674,69.93576625367139,48.53523196382615
16.55503669112742,69.96631145190231,48.55452358623403
16.59106070713809,69.99677979372932,48.573960097461715
16.627084723148766,70.02717132398813,48.593541412985424
16.66310873915944,70.05748609660145,48.61326743115064
16.699132755170112,70.08772417458627,48.6331380331585
16.735156771180787,70.11788563005989,48.65315308305426
16.77118078719146,70.14797054424504,48.67331242771773
16.807204803202133,70.17797900747391,48.693615896855725
16.843228819212808,70.20791111919105,48.71406330299652
16.879252835223483,70.23776698795527,48.734654441486256
16.915276851234154,70.26754673144046,48.755389090487476
16.95130086724483,70.29725047643531,48.776267010979545
16.987324883255503,70.32687835884201,48.797287946761216
17.023348899266175,70.35643052367385,48.81845162445509
17.059372915276853,70.38590712505172,48.83975775351423
17.095396931287524,70.41530832619955,48.861206026230654
17.131420947298196,70.44463429943879,48.882796117746025
17.167444963308874,70.47388522618155,48.904527686064235
17.203468979319545,70.50306129692297,48.926400372066034
17.23949299533022,70.53216271123225,48.94841379952583
17.275517011340895,70.56118967774279,48.970567575130275
17.311541027351566,70.59014241414116,48.99286128849918
17.34756504336224,70.61902114715495,49.01529451220819
17.383589059372916,70.6478261125397,49.037866801813706
17.419613075383587,70.67655755506456,49.06057769587969
17.455637091394262,70.70521572849698,49.083426716006606
17.491661107404937,70.73380089558631,49.10641336686238
17.52768512341561,70.7623133280463,49.129537136215305
17.563709139426283,70.79075330653656,49.152797494969136
17.599733155436958,70.81912112064285,49.17619389720005
17.63575717144763,70.84741706885637,49.199725780195806
17.671781187458304,70.87564145855202,49.223392564496756
17.70780520346898,70.90379460596546,49.247193653939036
17.74382921947965,70.93187683616915,49.27112843569971
17.77985323549033,70.95988848304738,49.29519628034394
17.815877251501,70.9878298892701,49.31939654187418
17.85190126751167,71.01570140626583,49.343728557781404
17.88792528352235,71.04350339419335,49.3681916490984
17.92394929953302,71.07123622191244,49.39278512045486
17.959973315543696,71.09890026695348,49.417508260134824
17.99599733155437,71.12649591548603,49.44236034013578
18.032021347565042,71.15402356228634,49.467340616230025
18.068045363575717,71.18148361070382,49.4924483280279
18.10406937958639,71.20887647262637,49.51768269904299
18.140093395597063,71.23620256844471,49.54304293675943
18.176117411607738,71.26346232701577,49.56852823270107
18.212141427618413,71.2906561856248,49.594137762502704
18.248165443629084,71.3177845899466,49.61987068598322
18.28418945963976,71.34484799400573,49.645726147220735
18.320213475650434,71.3718468601355,49.67170327462969
18.356237491661105,71.39878165893614,49.69780118103992
18.39226150767178,71.42565286923178,49.724018963777624
18.428285523682455,71.45246097802644,49.75035570474829
18.464309539693126,71.47920648045908,49.7768104705216
18.500333555703804,71.50588987975752,49.80338231241823
18.536357571714476,71.53251168719135,49.830070266598526
18.572381587725147,71.55907242202386,49.85687335415319
18.608405603735825,71.58557261146302,49.88379058119576
18.644429619746496,71.61201279061136,49.91082093895709
18.68045363575717,71.63839350241479,49.937963403881646
18.716477651767846,71.66471529761063,49.96521693772571
18.752501667778517,71.69097873467446,49.992580487657456
18.788525683789192,71.71718437976608,50.02005298635887
18.824549699799867,71.74333280667442,50.047633352129566
18.86057371581054,71.76942459676157,50.075320488992354
18.896597731821213,71.79546033890568,50.10311328680079
18.932621747831888,71.82144062944312,50.131010621348395
18.96864576384256,71.8473660721094,50.15901135447977
19.004669779853234,71.8732372779794,50.18711433420352
19.04069379586391,71.89905486540647,50.21531839480694
19.07671781187458,71.92481945996064,50.24362235697249
19.112741827885255,71.95053169436595,50.27202502789602
19.14876584389593,71.97619220843671,50.30052520140688
19.1847898599066,72.00180164901296,50.32912165808951
19.22081387591728,72.02736066989497,50.357813165407116
19.25683789192795,72.0528699317768,50.386598477826745
19.292861907938622,72.07833010217895,50.4154763369463
19.3288859239493,72.1037418553802,50.44444547162314
19.364909939959972,72.12910587234839,50.47350459810442
19.400933955970647,72.15442284067043,50.50265242015904
19.43695797198132,72.17969345448148,50.531887629211354
19.472981987991993,72.20491841439306,50.56120890447646
19.509006004002668,72.23009842742049,50.5906149130971
19.545030020013343,72.25523420690934,50.620104310282294
19.581054036024014,72.28032647246113,50.64967573944743
19.61707805203469,72.3053759498581,50.6793278323561
19.653102068045364,72.33038337098718,50.709059209263366
19.689126084056035,72.35534947376311,50.738868479060734
19.72515010006671,72.38027500205077,50.76875423942257
19.761174116077385,72.40516070558668,50.79871507695411
19.797198132088056,72.43000733989969,50.82874956734095
19.83322214809873,72.45481566623086,50.85885627550009
19.869246164109406,72.47958645145258,50.88903375573243
19.905270180120077,72.50432046798684,50.91928055187672
19.941294196130755,72.52901849372292,50.949595197465065
19.977318212141427,72.55368131193396,50.97997621587971
20.0133422281521,72.57830971119319,51.01042212051145
20.049366244162776,72.60290448528906,51.04093141491924
20.085390260173448,72.62746643313989,51.07150259299138
20.121414276184122,72.6519963587076,51.10213413910794
20.157438292194797,72.6764950709109,51.132824528304646
20.19346230820547,72.70096338353753,51.16357222643802
20.229486324216143,72.72540211515607,51.19437569035189
20.265510340226818,72.74981208902685,51.22523336804526
20.30153435623749,72.77419413301226,51.25614369884127
20.337558372248164,72.79854907948643,51.28710511355775
20.37358238825884,72.82287776524413,51.31811603467867
20.40960640426951,72.84718103140912,51.3491748765271
20.445630420280185,72.87145972334176,51.38028004543926
20.48165443629086,72.8957146905461,51.41142993993973
20.51767845230153,72.91994678657628,51.44262295091799
20.55370246831221,72.94415686894229,51.47385746180596
20.58972648432288,72.96834579901514,51.50513184875675
20.625750500333552,72.9925144419315,51.536444480824535
20.66177451634423,73.01666366649769,51.567793720145566
20.697798532354902,73.04079434509306,51.5991779221201
20.733822548365577,73.06490735357298,51.630595435595666
20.76984656437625,73.08900357117098,51.66204460305108
20.805870580386923,73.11308388040071,51.6935237607817
20.841894596397598,73.13714916695704,51.72503123908558
20.877918612408273,73.16120031961688,51.75656536245062
20.913942628418944,73.18523823013933,51.78812444974269
20.94996664442962,73.2092637931654,51.81970681439468
20.985990660440294,73.2332779061173,51.8513107645965
21.022014676450965,73.25728146909707,51.88293460348592
21.05803869246164,73.28127538478499,51.91457662934038
21.094062708472315,73.30526055833735,51.94623513576953
21.130086724482986,73.32923789728382,51.97790841190871
21.16611074049366,73.35320831142444,52.00959474261322
21.202134756504336,73.37717271272618,52.041292408653334
21.238158772515007,73.40113201521896,52.07299968691015
21.274182788525685,73.42508713489153,52.10471485057215
21.310206804536357,73.44903898958668,52.13643616933246
21.346230820547028,73.47298849889634,52.1681619095869
21.382254836557706,73.49693658405606,52.19989033463264
21.418278852568378,73.52088416783934,52.231619704867505
21.454302868579052,73.54483217445161,52.26334827799002
21.490326884589727,73.56878152942367,52.29507430919992
21.5263509006004,73.59273315950516,52.326796051399405
21.562374916611073,73.61668799255737,52.35851175539484
21.59839893262175,73.64064695744605,52.39021967009907
21.63442294863242,73.6646109839338,52.421918042734255
21.670446964643094,73.68858100257216,52.45360511903516
21.70647098065377,73.71255794459356,52.485279143452985
21.74249499666444,73.73654274180296,52.51693835935957
21.778519012675115,73.76053632646929,52.54858100925218
21.81454302868579,73.78453963121663,52.58020533495843
21.85056704469646,73.80855358891526,52.61180957784193
21.886591060707136,73.83257913257242,52.64339197900801
21.92261507671781,73.85661719522295,52.67495077950992
21.958639092728482,73.88066870981986,52.706484220555325
21.99466310873916,73.90473460912449,52.737990543713074
22.030687124749832,73.92881582559684,52.76946799112021
22.066711140760507,73.95291329128551,52.8009148056893
22.10273515677118,73.97702793771765,52.83232923131589
22.138759172781853,74.00116069578888,52.86370951308619
22.174783188792528,74.02531249565288,52.895053897485006
22.210807204803203,74.04948426661122,52.92636063260361
22.246831220813874,74.07367693700279,52.957627968348014
22.28285523682455,74.09789143409351,52.988854156647086
22.318879252835224,74.12212868396573,53.020037451660876
22.354903268845895,74.14638961140776,53.05117610998897
22.39092728485657,74.17067513980331,53.08226839087886
22.426951300867245,74.19498619102104,53.11331255643426
22.462975316877916,74.21932368530396,53.14430687182348
22.49899933288859,74.24368854115896,53.17524960548777
22.535023348899266,74.2680816752464,53.206139029349394
22.57104736490994,74.29250400226971,53.236973419019904
22.607071380920612,74.31695643486502,53.267751054007974
22.643095396931287,74.34143988349093,53.29847021792741
22.67911941294196,74.36595525631837,53.32912919870468
22.715143428952633,74.39050345912054,53.35972628878647
22.751167444963308,74.41508539516292,53.39025978534689
22.787191460973983,74.43970196509356,53.42072799049451
22.823215476984654,74.46435406683334,53.451129211479085
22.85923949299533,74.48904259546649,53.481461760897965
22.895263509006003,74.51376844313128,53.51172395690226
22.93128752501668,74.53853249891083,53.54191412340255
22.96731154102735,74.56333564872413,53.57203059027435
23.003335557038024,74.58817877521744,53.60207169356307
23.0393595730487,74.61306275765557,53.6320357756886
23.07538358905937,74.63798847181373,53.66192118564949
23.111407605070045,74.66295678986943,53.691726279226586
23.14743162108072,74.68796858029474,53.72144941918622
23.18345563709139,74.71302470774876,53.75108897548287
23.219479653102066,74.7381260329704,53.78064332546129
23.25550366911274,74.76327341267152,53.810110854058046
23.291527685123416,74.78846769943029,53.8394899540025
23.327551701134087,74.81370974158486,53.8687790260171
23.363575717144762,74.83900038312755,53.89797647901717
23.399599733155437,74.8643404635992,53.92708073030984
23.43562374916611,74.88973081798397,53.956090205792506
23.471647765176783,74.91517227660444,53.985003340150385
23.507671781187458,74.9406656650173,54.013818577053435
23.54369579719813,74.96621180390919,54.04253436935251
23.579719813208804,74.99181150899314,54.071149179274684
23.61574382921948,75.01746559090533,54.099661478617804
23.651767845230154,75.04317485510241,54.12806974894417
23.687791861240825,75.06894010175911,54.15637248177343
23.7238158772515,75.09476212566653,54.18456817877449
23.759839893262175,75.12064171613066,54.2126553519566
23.795863909272846,75.14657965687167,54.24063252385946
23.83188792528352,75.17257672592342,54.26849822774243
23.867911941294196,75.19863369553373,54.296251007772675
23.903935957304867,75.22475133206507,54.3238894192124
23.939959973315542,75.25093039589578,54.35141202860501
23.975983989326217,75.27717164132184,54.37881741396022
24.01200800533689,75.30347581645937,54.40610416493813
24.048032021347563,75.32984366314739,54.43327088303212
24.084056037358238,75.35627591685153,54.46031618175081
24.120080053368913,75.38277330656811,54.48723868679864
24.156104069379584,75.40933655472887,54.514037036255445
24.19212808539026,75.43596637710641,54.54070988075484
24.228152101400934,75.46266348272027,54.567255883661296
24.264176117411605,75.4894285737435,54.59367372124612
24.30020013342228,75.5162623454101,54.61996208286206
24.336224149432955,75.54316548592305,54.64611967111669
24.37224816544363,75.570138676363,54.67214520204452
24.4082721814543,75.5971825905977,54.69803740527772
24.444296197464976,75.62429789519211,54.72379502421554
24.48032021347565,75.65148524931932,54.74941681619242
24.51634422948632,75.67874530467208,54.77490155264455
24.552368245496996,75.70607870537518,54.80024801927524
24.58839226150767,75.73348608789848,54.82545501621866
24.624416277518346,75.76096808097091,54.85052135820227
24.660440293529017,75.78852530549494,54.8754458747077
24.696464309539692,75.81615837446218,54.90022741013018
24.732488325550367,75.84386789286953,54.92486482393641
24.76851234156104,75.87165445763625,54.94935699082095
24.804536357571713,75.8995186575219,54.973702800861034
24.840560373582388,75.92746107304495,54.997901159669745
24.87658438959306,75.95548227640248,55.021950988547715
24.912608405603734,75.98358283139049,55.045851224633125
24.94863242161441,76.01176329332523,55.06960082105005
24.984656437625084,76.0400242089654,55.09319874705523
25.020680453635755,76.06836611643516,55.11664398818309
25.05670446964643,76.09678954514811,55.13993554638911
25.092728485657105,76.1252950157322,55.16307244019145
25.128752501667776,76.15388303995543,55.186053704810845
25.16477651767845,76.18255412065263,55.20887839230879
25.200800533689126,76.2113087516531,55.2315455717239
25.236824549699797,76.24014741770924,55.25405432920645
25.272848565710472,76.26907059442608,55.27640376815125
25.308872581721147,76.29807874819184,55.2985930093285
25.34489659773182,76.32717233610947,55.32062119101296
25.380920613742493,76.35635180592908,55.34248746911115
25.416944629753168,76.38561759598153,55.364191017286736
25.452968645763843,76.4149701351129,55.38573102708398
25.488992661774514,76.44440984261999,55.40710670804927
25.52501667778519,76.47393712818692,55.428317287850795
25.561040693795864,76.5035523918227,55.449362012396094
25.597064709806535,76.53325602379984,55.47024014594787
25.63308872581721,76.56304840459404,55.49095097123762
25.669112741827885,76.592929904825,55.51149378957739
25.70513675783856,76.62290088519808,55.53186792096945
25.74116077384923,76.65296169644733,55.55207270421394
25.777184789859906,76.68311267927943,55.57210749701455
25.81320880587058,76.71335416431872,55.59197167608201
25.84923282188125,76.7436864720534,55.6116646372356
25.885256837891927,76.77410991278282,55.63118579550251
25.9212808539026,76.80462478656585,55.65053458521516
25.957304869913273,76.83523138317045,55.66971046010627
25.993328885923948,76.86592998202431,55.68871289340199
26.029352901934622,76.89672085216662,55.707541377912655
26.065376917945297,76.92760425220105,55.726195426121556
26.10140093395597,76.95858043024987,55.744674570271435
26.137424949966643,76.98964962390914,55.762978362448834
26.173448965977318,77.0208120602053,55.78110637466618
26.20947298198799,77.05206795555259,55.79905819894175
26.245496997998664,77.08341751571197,55.81683344737731
26.28152101400934,77.1148609357511,55.83443175223356
26.31754503002001,77.14639840000547,55.85185276600331
26.353569046030685,77.1780300820408,55.86909616148239
26.38959306204136,77.20975614461669,55.88616163183831
26.425617078052035,77.24157673965136,55.90304889067659
26.461641094062706,77.27349200818767,55.919757672104744
26.49766511007338,77.30550208036047,55.936287730794106
26.533689126084056,77.33760707536499,55.95263884203919
26.569713142094727,77.36980710142656,55.96881080181476
26.605737158105402,77.4021022557717,55.984803426830545
26.641761174116077,77.43449262460018,56.00061655458366
26.677785190126748,77.46697828305864,56.016250043408576
26.713809206137423,77.49955929521518,56.031703772524814
26.749833222148098,77.53223571403545,56.0469776420821
26.785857238158773,77.5650075813599,56.06207157320337
26.821881254169444,77.59787492788223,56.07698550802513
26.85790527018012,77.63083777312931,56.09171940973556
26.893929286190794,77.66389612544225,56.10627326261017
26.929953302201465,77.69704998195866,56.120647072045
26.96597731821214,77.73029932859652,56.13484086458741
27.002001334222815,77.76364414003892,56.14885468796446
27.038025350233486,77.79708437972052,56.16268861110878
27.07404936624416,77.83061999981494,56.17634272418206
27.110073382254836,77.86425094122376,56.18981713859605
27.14609739826551,77.89797713356657,56.20311198703104
27.182121414276182,77.9317984951725,56.21622742345202
27.218145430286857,77.96571493307306,56.22916362312217
27.25416944629753,77.99972634299617,56.24192078261402
27.290193462308203,78.03383260936161,56.254499119818064
27.326217478318878,78.0680336052778,56.266898873948904
27.362241494329552,78.10232919253984,56.279120305548844
27.398265510340224,78.13671922162888,56.291163696489065
27.4342895263509,78.17120353171295,56.30302934996826
27.470313542361573,78.20578195064887,56.314717590508735
27.50633755837225,78.24045429498574,56.32622876395005
27.54236157438292,78.27522036996965,56.33756323744008
27.578385590393594,78.31007996954966,56.34872139942369
27.61440960640427,78.34503287638529,56.359703659628714
27.65043362241494,78.38007886185517,56.370510449049554
27.686457638425615,78.41521768606714,56.3811422199282
27.72248165443629,78.45044909786961,56.39159944573274
27.758505670446965,78.48577283486438,56.401882621133325
27.794529686457636,78.52118862342061,56.41199226197563
27.83055370246831,78.55669617869039,56.42192890525181
27.866577718478986,78.59229520462533,56.431693109068846
27.902601734489657,78.62798539399478,56.441285452614494
27.938625750500332,78.66376642840524,56.450706536120556
27.974649766511007,78.69963797832115,56.45995698082377
28.01067378252168,78.73559970308696,56.469037428924054
28.046697798532353,78.77165125095065,56.477948543540336
28.082721814543028,78.80779225908853,56.48669100866375
28.118745830553703,78.8440223536313,56.4952655291084
28.154769846564374,78.8803411496916,56.50367283045959
28.19079386257505,78.9167482513928,56.51191365901948
28.226817878585724,78.95324325189908,56.51998878175028
28.262841894596395,78.98982573344699,56.527898986214936
28.29886591060707,79.02649526737818,56.535645080515295
28.334889926617745,79.06325141417358,56.54322789322775
28.370913942628416,79.10009372348875,56.550648273336414
28.40693795863909,79.13702173419088,56.55790709016377
28.442961974649766,79.17403497439662,56.56500523329887
28.47898599066044,79.21113296151167,56.571943612522986
28.515010006671112,79.2483152022715,56.578723157732846
28.551034022681787,79.28558119278337,56.58534481886134
28.58705803869246,79.32293041856965,56.59180956579578
28.623082054703133,79.3603623546126,56.59811838829372
28.659106070713808,79.39787646540023,56.60427229589625
28.695130086724483,79.43547220497365,56.6102723178389
28.731154102735154,79.47314901697558,56.61611950296005
28.76717811874583,79.51090633470027,56.62181491960697
28.803202134756503,79.5487435811446,56.627359655539344
28.83922615076718,79.58666016906061,56.632754817830445
28.87525016677785,79.62465550100907,56.63800153276585
28.911274182788524,79.66272896941463,56.64310094573974
28.9472981987992,79.70087995662199,56.64805422114887
28.98332221480987,79.73910783495347,56.65286254228405
29.019346230820545,79.77741196676783,56.65752711121935
29.05537024683122,79.81579170452025,56.66204914869884
29.09139426284189,79.85424639082376,56.66642989402104
29.127418278852566,79.89277535851168,56.670670604920964
29.16344229486324,79.93137793070149,56.67477255744988
29.199466310873916,79.97005342085981,56.67873704585267
29.235490326884587,80.00880113286871,56.682565382442974
29.271514342895262,80.0476203610932,56.6862588974759
29.307538358905937,80.08651039044986,56.68981893901854
29.34356237491661,80.12547049647684,56.693246872818136
29.379586390927283,80.16449994540497,56.69654408216802
29.415610406937958,80.20359799423005,56.699711967771286
29.45163442294863,80.24276389078636,56.70275194760216
29.487658438959304,80.28199687382143,56.705665456765225
29.52368245496998,80.3212961730718,56.708453947352346
29.559706470980654,80.36066100934016,56.71111888829744
29.595730486991325,80.40009059457357,56.71366176522902
29.631754503002,80.43958413194274,56.71608408032057
29.667778519012675,80.47914081592262,56.71838735213876
29.703802535023346,80.51875983237403,56.720573115489515
29.73982655103402,80.5584403586265,56.72264292126192
29.775850567044696,80.5981815635621,56.72459833627003
29.811874583055367,80.6379826077005,56.72644094309257
29.847898599066042,80.6778426432852,56.728172339910536
29.883922615076717,80.71776081437066,56.72979414034273
29.91994663108739,80.75773625691068,56.73130797327925
29.955970647098063,80.79776809884777,56.73271548271289
29.991994663108738,80.83785546020377,56.73401832756858
30.028018679119413,80.87799745317123,56.735218181530776
30.064042695130084,80.91819318220615,56.736316732868886
30.10006671114076,80.95844174412159,56.73731568426068
30.136090727151434,80.99874222818234,56.73821675261383
30.172114743162105,81.03909371620068,56.739021668885364
30.20813875917278,81.0794952826331,56.73973217789941
30.244162775183455,81.11994599467809,56.740350038162845
30.28018679119413,81.16044491237476,56.74087702167918
30.3162108072048,81.20099108870271,56.741314913760526
30.352234823215476,81.24158356968269,56.74166551283776
30.38825883922615,81.28222139447826,56.74193063026883
30.42428285523682,81.32290359549842,56.742112090145284
30.460306871247496,81.3636291985012,56.74221172909701
30.49633088725817,81.40439722269821,56.74223139609517
30.532354903268843,81.44520668085998,56.7421729522535
30.568378919279517,81.48605657942247,56.742038270627745
30.604402935290192,81.5269459185941,56.74182923601351
30.640426951300867,81.56787369246413,56.74154774474236
30.67645096731154,81.60883888911154,56.741195704476354
30.712474983322213,81.64984049071492,56.74077503400076
30.748498999332888,81.6908774736633,56.7402876630154
30.78452301534356,81.73194880866771,56.73973553192419
30.820547031354234,81.77305346087354,56.739120591623234
30.85657104736491,81.81419038997387,56.73844480328733
30.892595063375584,81.8553585503235,56.73771013815494
30.928619079386255,81.89655689105379,56.736918577311684
30.96464309539693,81.93778435618832,56.73607211147236
31.000667111407605,81.97903988475925,56.735172740761435
31.036691127418276,82.02032241092454,56.734222474492235
31.07271514342895,82.06163086408583,56.73322333094462
31.108739159439626,82.10296416900714,56.73217733714127
31.144763175450297,82.14432124593415,56.731086528622754
31.180787191460972,82.18570101071435,56.729952949221044
31.216811207471647,82.22710237491783,56.72877865083191
31.25283522348232,82.26852424595863,56.72756569318596
31.288859239492993,82.30996552721696,56.726316143618334
31.324883255503668,82.35142511816197,56.725032076837344
31.360907271514343,82.39290191447512,56.723715574691745
31.396931287525014,82.43439480817426,56.722368725936875
31.43295530353569,82.47590268773833,56.72099362599967
31.468979319546364,82.51742443823254,56.71959237674248
31.505003335557035,82.5589589414343,56.718167086225854
31.54102735156771,82.6005050759596,56.71671986847016
31.577051367578385,82.64206171739005,56.715252843216234
31.61307538358906,82.68362773840033,56.71376813568493
31.64909939959973,82.72520200888633,56.712267876335716
31.685123415610406,82.76678339609364,56.710754200624265
31.72114743162108,82.80837076474675,56.709229248759144
31.75717144763175,82.8499629771785,56.707695165457515
31.793195463642427,82.89155889346024,56.706154099699994
31.8292194796531,82.93315737153222,56.704608204484636
31.865243495663773,82.97475726733455,56.703059636580065
31.901267511674448,83.01635743493868,56.70151055627782
31.937291527685122,83.05795672667912,56.69996312714388
31.973315543695797,83.0995539932856,56.6984195157695
32.00933955970647,83.14114808401567,56.69688189152124
32.04536357571715,83.18273784678769,56.69535242629034
32.08138759172782,83.22432212831407,56.69383329424146
32.11741160773849,83.26589977423497,56.69232667156068
32.15343562374916,83.30746962925221,56.690834736203
32.18945963975984,83.34903053726357,56.689359667639195
32.22548365577051,83.39058134149737,56.687903646602095
32.26150767178119,83.4321208846473,56.6864688548324
32.29753168779186,83.47364800900756,56.68505747482397
32.33355570380253,83.51516155660818,56.68367168956862
32.3695797198132,83.55666036935062,56.682313682300524
32.40560373582388,83.59814328914366,56.68098563624019
32.44162775183456,83.63960915803928,56.679689734338034
32.47765176784523,83.68105681836892,56.67842815901763
32.5136757838559,83.72248511287987,56.67720309191868
32.54969979986657,83.76389288487178,56.67601671363956
32.585723815877245,83.80527897833326,56.67487120347979
32.62174783188792,83.84664223807876,56.67376873918209
32.6577718478986,83.88798150988535,56.672711496674374
32.69379586390927,83.92929564062977,56.67170164981153
32.729819879919944,83.97058347842547,56.670741370117
32.765843895930615,84.0118438727597,56.66983282652434
32.801867911941294,84.05307567463072,56.668978185118654
32.837891927951965,84.09427773668484,56.668179608877956
32.87391594396264,84.13544891335384,56.66743925741457
32.909939959973315,84.17658806099192,56.666759286716506
32.945963975983986,84.21769403801301,56.666141848888856
32.98198799199466,84.25876570502786,56.66558909189531
33.018012008005336,84.2998019249811,56.66510315929975
33.054036024016014,84.34080156328825,56.664686190007934
33.090060040026685,84.38176348797262,56.66434031800945
33.12608405603736,84.42268656980217,56.66406767211975
33.16210807204803,84.46356968242614,56.66387037572247
33.1981320880587,84.50441170251165,56.663750546511984
33.23415610406938,84.54521150988013,56.66371029623625
33.270180120080056,84.5859679876435,56.66375173043999
33.30620413609073,84.62668002234024,56.66387694820817
33.3422281521014,84.6673465040713,56.66408804190988
33.37825216811207,84.70796632663573,56.66438709694266
33.41427618412275,84.74853838766599,56.664776191477195
33.45030020013342,84.78906158876323,56.66525739620254
33.4863242161441,84.82953483563216,56.665832774071795
33.52234823215477,84.86995703821559,56.66650438004833
33.55837224816544,84.91032711082883,56.66727426085263
33.59439626417611,84.95064397229368,56.668144454709584
33.63042028018679,84.99090654607201,56.66911699109656
33.66644429619746,85.03111376039926,56.67019389049202
33.70246831220814,85.07126454841725,56.67137716412489
33.73849232821881,85.11135784830678,56.67266881372458
33.77451634422948,85.15139260341996,56.67407083127176
33.810540360240154,85.19136776241183,56.67558519875001
33.84656437625083,85.2312822793718,56.677213887898084
33.88258839226151,85.27113511395451,56.67895885996322
33.91861240827218,85.31092523151037,56.68082206545512
33.95463642428285,85.3506516032154,56.682805443900996
33.990660440293524,85.39031320620087,56.68491092360141
34.0266844563042,85.4299090236822,56.687140421387106
34.062708472314874,85.4694380450874,56.68949584237693
34.09873248832555,85.50889926618503,56.691979079736576
34.134756504336224,85.54829168921152,56.69459201443854
34.170780520346895,85.58761432299806,56.69733651502306
34.206804536357566,85.62686618309672,56.70021443736023
34.242828552368245,85.66604629190608,56.703227624413095
34.278852568378916,85.70515367879621,56.706377906002196
34.314876584389594,85.74418738023306,56.709667098570925
34.350900600400266,85.78314643990217,56.713097004952516
34.38692461641094,85.82202990883168,56.71666941413789
34.42294863242161,85.86083684551473,56.72038610104513
34.45897264843229,85.8995663160311,56.72424882628998
34.494996664442965,85.93821739416823,56.728259335957894
34.531020680453636,85.97678916154138,56.7324193613773
34.56704469646431,86.01528070771317,56.73673061889442
34.60306871247498,86.05369113031237,56.741194809649286
34.63909272848565,86.09201953515176,56.745813619353456
34.67511674449633,86.13026503634539,56.75058871806906
34.71114076050701,86.16842675642498,56.75552175998936
34.74716477651768,86.20650382645542,56.76061438322095
34.78318879252835,86.24449538614955,56.76586820956736
34.81921280853902,86.28240058398208,56.77128484431443
34.8552368245497,86.32021857730263,56.776865876017176
34.89126084056037,86.35794853244774,56.78261287628833
34.92728485657105,86.39558962485239,56.78852739958861
34.96330887258172,86.43314103916016,56.794610983018615
34.99933288859239,86.47060196933282,56.80086514611252
35.03535690460306,86.50797161875876,56.80729139063345
35.07138092061374,86.5452492003606,56.81389120037076
35.10740493662442,86.58243393670183,56.820666040938924
35.14342895263509,86.6195250600924,56.8276173595785
35.17945296864576,86.65652181269343,56.83474658495873
35.21547698465643,86.69342344662081,56.842055126982245
35.251501000667105,86.73022922404789,56.84954437659147
35.28752501667778,86.76693841730709,56.8572157055771
35.32354903268846,86.80355030899038,56.86507046638856
35.35957304869913,86.84006419204891,56.87310999194632
35.395597064709804,86.87647936989137,56.881335595456385
35.431621080720475,86.91279515648145,56.889748570226665
35.467645096731154,86.94901087643399,56.89835018948558
35.503669112741825,86.9851258651102,56.907141706202594
35.5396931287525,87.02113946871177,56.91612435291096
35.575717144763175,87.05705104437357,56.92529934153255
35.611741160773846,87.09285996025568,56.93466786320491
35.64776517678452,87.12856559563383,56.9442310881104
35.683789192795196,87.16416734098883,56.95399016530763
35.71981320880587,87.19966459809487,56.96394622256508
35.755837224816545,87.23505678010662,56.97410036619699
35.79186124082722,87.27034331164494,56.984453680901524
35.82788525683789,87.30552362888163,56.99500722960118
35.86390927284856,87.34059717962279,57.00576205328565
35.89993328885924,87.37556342339099,57.016719170856874
35.935957304869916,87.41042183150614,57.027879578976524
35.97198132088059,87.44517188716516,57.0392442519159
36.00800533689126,87.47981308552033,57.050814141408196
36.04402935290193,87.51434493375636,57.06259017650318
36.0800533689126,87.5487669511662,57.07457326342434
36.11607738492328,87.58307866922546,57.08676428542857
36.15210140093396,87.61727963166557,57.099164102668134
36.18812541694463,87.65136939454561,57.11177355205542
36.2241494329553,87.68534752632281,57.12459344712998
36.26017344896597,87.71921360792162,57.1376245779283
36.29619746497665,87.7529672328015,57.150867710855955
36.33222148098732,87.78660800702332,57.16432358856253
36.368245496998,87.82013554931437,57.17799292981902
36.40426951300867,87.85354949113196,57.19187642939791
36.44029352901934,87.88684947672564,57.20597475795584
36.476317545030014,87.92003516319812,57.22028856191903
36.51234156104069,87.95310622056444,57.234818463371276
36.54836557705137,87.98606233181013,57.24956505994465
36.58438959306204,88.0189031929477,57.264528924713
36.62041360907271,88.05162851307162,57.279710606088045
36.656437625083385,88.08423801441205,57.29511062771835
36.692461641094056,88.11673143238698,57.31072948839092
36.728485657104734,88.14910851565293,57.32656766193566
36.76450967311541,88.1813690261541,57.34262559713262
36.800533689126084,88.2135127391702,57.35890371762198
36.836557705136755,88.24553944336259,57.37540242181691
36.87258172114743,88.27744894081904,57.39212208281927
36.908605737158105,88.309241047097,57.409063048338126
36.944629753168776,88.34091559126523,57.42622564061109
36.980653769179455,88.372472415944,57.443610156328646
37.016677785190126,88.40391137734373,57.46121686656124
37.0527018012008,88.43523234530213,57.47904601668938
37.08872581721147,88.46643520331969,57.49709782633656
37.12474983322215,88.49751984859384,57.51537248930514
37.160773849232825,88.52848619205116,57.53387017351521
37.1967978652435,88.55933415837849,57.5525910209463
37.23282188125417,88.59006368605216,57.571535147582175
37.26884589726484,88.62067472736571,57.59070264335846
37.30486991327551,88.65116724845609,57.61009357211341
37.34089392928619,88.68154122932825,57.62970797154153
37.37691794529687,88.71179666387803,57.64954585315023
37.41294196130754,88.74193355991369,57.66960720221954
37.44896597731821,88.7719519391755,57.689891977764844
37.48498999332888,88.80185183735415,57.710400112502555
37.52101400933956,88.8316333041071,57.731131512818926
37.55703802535023,88.86129640307371,57.752086058741845
37.59306204136091,88.89084121188839,57.77326360391572
37.62908605737158,88.92026782219246,57.794663975579404
37.66511007338225,88.94957633964415,57.8162869745472
37.70113408939292,88.97876688392708,57.83813237519293
37.7371581054036,89.00783958875704,57.860199925437065
37.77318212141427,89.03679460188718,57.88248934673705
37.80920613742495,89.0656320851116,57.90500033408055
37.84523015343562,89.09435221426713,57.927732555981905
37.881254169446294,89.12295517923366,57.95068565448172
37.917278185456965,89.15144118393269,57.97385924514944
37.95330220146764,89.17981044632437,57.9972529170892
37.98932621747832,89.20806319840264,58.02086623294856
38.02535023348899,89.23619968618897,58.044698728930655
38.061374249499664,89.26422016972433,58.06874991480922
38.097398265510336,89.29212492305948,58.093019273946865
38.133422281521014,89.31991423424364,58.11750626331642
38.169446297531685,89.34758840531154,58.14221031352552
38.20547031354236,89.3751477522687,58.16713082884412
38.241494329553035,89.40259260507513,58.192267187235394
38.277518345563706,89.4299233076273,58.21761874038954
38.31354236157438,89.45714021773861,58.24318481376086
38.349566377585056,89.48424370711794,58.268964706608
38.38559039359573,89.51123416134675,58.29495769203712
38.421614409606406,89.53811197985442,58.32116301704852
38.45763842561708,89.56487757589198,58.34757990258606
38.49366244162775,89.59153137650407,58.374207543590025
38.52968645763843,89.61807382249941,58.40104510905284
38.5657104736491,89.6445053684194,58.42809174207818
38.60173448965977,89.67082648250529,58.45534655994296
38.63775850567045,89.69703764666353,58.48280865416269
38.67378252168112,89.72313935642944,58.51047709055971
38.70980653769179,89.74913212092943,58.53835090933475
38.74583055370247,89.77501646284132,58.56642912514154
38.78185456971314,89.80079291835318,58.594710727164376
38.81787858572381,89.82646203712042,58.62319467919911
38.85390260173449,89.85202438222139,58.651879919736906
38.88992661774516,89.87748053011103,58.680765362051375
38.92595063375583,89.90283107057328,58.709849894288546
38.96197464976651,89.92807660667157,58.73913237956019
38.99799866577718,89.95321775469766,58.76861165603992
39.03402268178785,89.97825514411915,58.798286537062694
39.07004669779853,90.003189417525,58.82815581122708
39.1060707138092,90.0280212305696,58.85821824250076
39.14209472981988,90.05275125191537,58.88847257032907
39.17811874583055,90.07738016317339,58.91891750974646
39.214142761841224,90.10190865884276,58.94955175149118
39.2501667778519,90.12633744624813,58.98037396212277
39.28619079386257,90.1506672454758,59.01138278414278
39.322214809873245,90.17489878930805,59.0425768361183
39.35823882588392,90.19903282315607,59.07395471280868
39.394262841894594,90.22307010499117,59.105514985294995
39.430286857905266,90.24701140527443,59.13725620111275
39.466310873915944,90.27085750688488,59.16917688438733
39.502334889926615,90.29460920504594,59.201275535972535
39.53835890593729,90.3182673072505,59.23355063359198
39.574382921947965,90.34183263318425,59.266000631983445
39.610406937958636,90.36530601464769,59.29862396304617
39.64643095396931,90.38868829547631,59.33141903599096
39.682454969979986,90.41198033145957,59.36438423749337
39.71847898599066,90.43518299025804,59.397517931849436
39.75450300200133,90.45829715131927,59.43081846113468
39.79052701801201,90.48132370579202,59.46428414536558
39.82655103402268,90.50426355643899,59.49791328266413
39.86257505003336,90.52711761754813,59.531704149425074
39.89859906604403,90.54988681484241,59.56565500048602
39.9346230820547,90.57257208538806,59.59976406930028
39.97064709806538,90.59517437750151,59.63402956811253
40.00667111407605,90.6176946506547,59.668449688137216
40.04269513008672,90.64013387537895,59.70302259973957
40.0787191460974,90.66249303316762,59.73774645261963
40.11474316210807,90.68477311637696,59.772619375998595
40.15076717811874,90.70697512812579,59.80763947880819
40.18679119412942,90.72910008219384,59.842804849882484
40.22281521014009,90.75114900291838,59.87811355815242
40.25883922615076,90.77312292508975,59.91356365284302
40.29486324216144,90.79502289384538,59.94915316367311
40.33088725817211,90.8168499645624,59.98488010105769
40.36691127418278,90.83860520274894,60.02074245631287
40.40293529019346,90.86028968393418,60.05673820186334
40.43895930620413,90.88190449355683,60.09286529145233
40.47498332221481,90.90345072685247,60.12912166035418
40.51100733822548,90.92492948873951,60.165505225589264
40.547031354236154,90.94634189370376,60.2020138861415
40.58305537024683,90.96768906568198,60.23864552317821
40.6190793862575,90.9889721379437,60.27539800027244
40.655103402268175,91.01019225297223,60.31226916362768
40.69112741827885,91.03135056234409,60.34925684230497
40.727151434289524,91.05244822660732,60.38635884845226
40.763175450300196,91.07348641515858,60.423572977536274
40.799199466310874,91.09446630611899,60.460897008576545
40.835223482321545,91.11538908620864,60.49832870438168
40.87124749833222,91.13625595062021,60.5358658117881
40.907271514342895,91.15706810289112,60.57350606190079
40.943295530353566,91.17782675477453,60.61124717033633
40.97931954636424,91.19853312610942,60.649086837468175
41.015343562374916,91.21918844468931,60.68702274867398
41.05136757838559,91.23979394612982,60.72505257458513
41.08739159439626,91.26035087373535,60.76317397133831
41.12341561040694,91.28086047836445,60.80138458082928
41.15943962641761,91.30132401829408,60.83968203096845
41.19546364242829,91.32174275908307,60.87806393593883
41.23148765843896,91.34211797343414,60.916527896455605
41.26751167444963,91.36245094105519,60.95507150002799
41.30353569046031,91.38274294851945,60.99369232122281
41.33955970647098,91.4029952891245,61.03238792193009
41.37558372248165,91.42320926275052,61.071155851630536
41.41160773849233,91.44338617571732,61.10999364766481
41.447631754503,91.46352734064061,61.1488988355047
41.48365577051367,91.4836340762872,61.18786892902604
41.51967978652435,91.50370770742923,61.22690143078342
41.55570380253502,91.52374956469757,61.2659938322866
41.59172781854569,91.54376098443429,61.305143614278705
41.62775183455637,91.56374330854419,61.34434824701603
41.66377585056704,91.58369788434555,61.383605190549495
41.69979986657771,91.60362606441988,61.42291189500778
41.73582388258839,91.62352920646097,61.462265800881966
41.77184789859906,91.64340867312305,61.501664339311795
41.807871914609734,91.6632658318681,61.54110493237342
41.84389593062041,91.68310205481251,61.58058499336869
41.879919946631084,91.70291871857277,61.62010192711575
41.91594396264176,91.72271720411058,61.65965313024134
41.95196797865243,91.7424988965771,61.69923599147419
41.987991994663105,91.76226518515654,61.73884789194005
42.02401601067378,91.78201746290898,61.77848620545782
42.060040026684455,91.80175712661261,61.818148298837116
42.096064042695126,91.82148557660523,61.8578315321771
42.132088058705804,91.84120421662502,61.897533259166465
42.168112074716475,91.86091445365079,61.937250827384695
42.20413609072715,91.88061769774163,61.97698157860444
42.240160106737825,91.90031536187581,62.016722849095075
42.2761841227485,91.92000886178931,62.05647196992726
42.31220813875917,91.93969961581354,62.09622626727873
42.348232154769846,91.95938904471271,62.13598306274093
42.38425617078052,91.97907857152057,62.17573967362674
42.42028018679119,91.99876962137675,62.21549341327918
42.45630420280187,92.01846362136243,62.25524159138101
42.49232821881254,92.03816200033567,62.29498151426517
42.52835223482321,92.05786618876635,62.334710485226175
42.56437625083389,92.07757761857043,62.374425804832285
42.60040026684456,92.09729772294406,62.41412477123838
42.63642428285524,92.11702793619715,62.453804680499786
42.67244829886591,92.1367696935865,62.49346282688653
42.70847231487658,92.15652443114885,62.533096503198585
42.74449633088726,92.17629358553324,62.5727030010815
42.78052034689793,92.19607859383324,62.61227961134276
42.8165443629086,92.21588089341887,62.6518236242687
42.85256837891928,92.23570192176823,62.691332329941964
42.88859239492995,92.25554311629884,62.73080301855938
42.92461641094062,92.2754059141987,62.7702329807504
42.9606404269513,92.29529175225724,62.80961950789596
42.99666444296197,92.315202066696,62.848959892447546
43.03268845897264,92.335138292999,62.888251428246896
43.06871247498332,92.35510186574328,62.92749141084576
43.10473649099399,92.37509421842887,62.96667713782611
43.140760507004664,92.39511678330899,63.00580590912046
43.17678452301534,92.41517099121991,63.04487502733251
43.212808539026014,92.4352582714109,63.08388179805781
43.24883255503669,92.45538005137391,63.122823530204684
43.284856571047364,92.47553775667343,63.16169753631516
43.320880587058035,92.49573281077616,63.200501132886
43.35690460306871,92.51596663488074,63.2392316406897
43.392928619079385,92.53624064774743,63.27788638509547
43.428952635090056,92.55655626552795,63.31646269639024
43.464976651100734,92.57691490159522,63.35495791009937
43.501000667111406,92.59731796637327,63.39336936730749
43.53702468312208,92.61776686716729,63.43169441497887
43.573048699132755,92.63826300799361,63.46993040627788
43.60907271514343,92.65880778941,63.50807470088891
43.6450967311541,92.67940260834602,63.54612466533621
43.681120747164776,92.7000488579336,63.584077673303334
43.71714476317545,92.72074792733773,63.62193110595212
43.75316877918612,92.7415012015875,63.65968235224153
43.7891927951968,92.76231006140726,63.697328809245676
43.82521681120747,92.78317588304807,63.73486788247173
43.86124082721814,92.80410003811939,63.772296986177054
43.89726484322882,92.82508389342118,63.80961354368594
43.93328885923949,92.84612881077615,63.84681498770562
43.96931287525017,92.86723614686252,63.883898760641806
44.00533689126084,92.88840725304692,63.92086231491339
44.04136090727151,92.90964347521793,63.957703113266554
44.07738492328219,92.93094615361979,63.994418629088116
44.11340893929286,92.95231662268658,64.03100634671799
44.14943295530353,92.97375621087699,64.06746376176103
44.18545697131421,92.99526624050932,64.10378838139779
44.22148098732488,93.01684802759706,64.13997772469453
44.25750500333555,93.03850288168505,64.17602932291227
44.29352901934623,93.06023210568594,64.21194071981482
44.3295530353569,93.08203699571743,64.24770947197581
44.36557705136757,93.10391884093991,64.28333314908477
44.40160106737825,93.12587892339468,64.31880933425195
44.43762508338892,93.14791851784287,64.35413562431215
44.473649099399594,93.17003889160483,64.38930963012744
44.50967311541027,93.19224130440034,64.42432897688845
44.545697131420944,93.21452700818921,64.45919130441467
44.581721147431615,93.23689724701288,64.49389426745336
44.617745163442294,93.25935325683645,64.5284355359772
44.653769179452965,93.28189626539148,64.56281279548048
44.68979319546364,93.3045274920197,64.59702374727414
44.725817211474315,93.32724814751717,64.6310661087791
44.761841227484986,93.3500594339795,64.6649376138184
44.797865243495664,93.37296254464769,64.69863601290767
44.833889259506336,93.39595866375484,64.73215907354414
44.86991327551701,93.41904896637365,64.7655045804941
44.905937291527685,93.44223461826479,64.79867033607871
44.94196130753836,93.46551677572623,64.83165416045826
44.97798532354903,93.48889658544324,64.8644538919146
45.014009339559706,93.51237518433958,64.89706738713207
45.05003335557038,93.53595369942929,64.92949252147652
45.08605737158105,93.55963324766977,64.96172718927262
45.12208138759173,93.58341493581547,64.99376930407938
45.1581054036024,93.6072998602729,65.02561679896372
45.19412941961307,93.63128910695639,65.0572676267723
45.23015343562375,93.65538375114497,65.08871976040132
45.26617745163442,93.67958485734025,65.11997119306437
45.30220146764509,93.70389347912544,65.1510199385584
45.33822548365577,93.72831065902531,65.18186403152758
45.37424949966644,93.75283742836731,65.212501527725
45.41027351567712,93.77747480714389,65.24293050427262
45.44629753168779,93.8022238038757,65.27314905991864
45.48232154769846,93.82708541547625,65.30315531529313
45.51834556370914,93.85206062711742,65.33294741316121
45.55436957971981,93.87715041209637,65.36252351867407
45.59039359573048,93.90235573170364,65.39188181961782
45.62641761174116,93.92767753509222,65.42102052665994
45.66244162775183,93.95311675914817,65.44993787359346
45.6984656437625,93.97867432836236,65.47863211757874
45.73448965977318,94.00435115470334,65.50710153938304
45.77051367578385,94.0301481374917,65.53534444361736
45.806537691794524,94.05606616327559,65.56335915897117
45.8425617078052,94.08210610570768,65.59114403844441
45.878585723815874,94.10826882542331,65.61869745957713
45.914609739826545,94.13455516992006,65.6460178246765
45.950633755837224,94.1609659734387,65.67310356104132
45.986657771847895,94.18750205684547,65.69995312118381
46.02268178785857,94.21416422751582,65.726564983049
46.058705803869245,94.2409532792195,65.75293765023117
46.094729819879916,94.26786999200706,65.77906965218784
46.130753835890594,94.29491513209794,65.8049595444509
46.166777851901266,94.32208945176978,65.83060590883497
46.20280186791194,94.34939368924945,65.85600735364326
46.238825883922615,94.37682856860536,65.88116251387017
46.27484989993329,94.40439479964141,65.90607005140143
46.31087391594396,94.43209307779242,65.93072865521125
46.346897931954636,94.45992408402103,65.95513704155657
46.38292194796531,94.48788848471627,65.97929395416838
46.41894596397598,94.51598693159355,66.00319816444019
46.45496997998666,94.54422006159633,66.0268484716134
46.49099399599733,94.57258849679936,66.05024370295978
46.527018012008,94.60109284431346,66.07338271396091
46.56304202801868,94.62973369619196,66.09626438848454
46.59906604402935,94.65851162933885,66.11888763895789
46.63509006004002,94.68742720541833,66.14125140653788
46.6711140760507,94.7164809707664,66.16335466127819
46.70713809206137,94.74567345630366,66.18519640229329
46.74316210807205,94.77500517745023,66.20677565791907
46.77918612408272,94.80447663404195,66.22809148587058
46.81521014009339,94.83408831024872,66.24914297339632
46.85123415610407,94.86384067449414,66.26992923742937
46.88725817211474,94.89373417937722,66.29044942473526
46.92328218812541,94.92376926159557,66.31070271205661
46.95930620413609,94.95394634187053,66.33068830625436
46.99533022014676,94.98426582487393,66.3504054444457
47.03135423615743,95.01472809915676,66.36985339413874
47.06737825216811,95.0453335370795,66.38903145336374
47.10340226817878,95.07608249474436,66.40793895080091
47.139426284189454,95.10697531192915,66.4265752459049
47.17545030020013,95.13801231202325,66.44493972902576
47.211474316210804,95.16919380196512,66.46303182152657
47.247498332221475,95.20052007218187,66.48085097589748
47.283522348232154,95.2319913965305,66.49839667586637
47.319546364242825,95.26360803224115,66.51566843650589
47.355570380253496,95.29537021986215,66.53266580433709
47.391594396264175,95.32727818320689,66.54938835742945
47.427618412274846,95.35933212930269,66.56583570549742
47.463642428285524,95.39153224834156,66.58200748999326
47.499666444296196,95.42387871363269,66.5979033841964
47.53569046030687,95.45637168155706,66.61352309329918
47.571714476317545,95.4890112915239,66.62886635448893
47.60773849232822,95.521797665929,66.64393293702648
47.64376250833889,95.55473091011511,66.65872264232091
47.679786524349566,95.58781111233411,66.67323530400074
47.71581054036024,95.62103834371126,66.68747078798144
47.75183455637091,95.65441265821136,66.70142899252917
47.78785857238159,95.68793409260692,66.71510984832088
47.82388258839226,95.72160266644816,66.72851331850065
47.85990660440293,95.75541838203517,66.74163939873236
47.89593062041361,95.789381224392,66.75448811724861
47.93195463642428,95.8234911612426,66.76705953489574
47.96797865243495,95.85774814298895,66.77935374517538
48.00400266844563,95.89215210269114,66.79137087428191
48.0400266844563,95.92670295604937,66.8031110811364
48.07605070046697,95.961400601388,66.81457455741655
48.11207471647765,95.99624491964171,66.82576152758296
48.14809873248832,96.03123577434357,66.83667224890155
48.184122748499,96.06637301161516,66.84730701146215
48.22014676450967,96.10165646015878,66.8576661381933
48.25617078052034,96.13708593125156,66.8677499848731
48.29219479653102,96.17266121874181,66.87755894013647
48.32821881254169,96.20838209904724,66.88709342547818
48.364242828552364,96.24424833115523,66.89635389525245
48.40026684456304,96.28025965662533,66.90534083666834
48.43629086057371,96.31641579959353,66.91405476978153
48.472314876584385,96.35271646677882,66.92249624748199
48.50833889259506,96.38916134749172,66.93066585547804
48.544362908605734,96.42575011364485,66.93856421227633
48.580386924616406,96.46248241976552,66.94619196915798
48.616410940627084,96.49935790301052,66.95354981015096
48.652434956637755,96.5363761831828,66.96063845199834
48.68845897264843,96.57353686275039,66.96745864412296
48.724482988659105,96.61083952686722,66.97401116858786
48.760507004669776,96.64828374339608,66.98029684005324
48.79653102068045,96.68586906293368,66.98631650572906
48.832555036691126,96.7235950188377,66.99207104532412
48.8685790527018,96.76146112725597,66.99756137099105
48.904603068712476,96.79946688715765,67.00278842726749
48.94062708472315,96.83761178036653,67.00775319101332
48.97665110073382,96.87589527159636,67.01245667134411
49.0126751167445,96.91431680848831,67.01689990956052
49.04869913275517,96.95287582165031,67.02108397907395
49.08472314876584,96.99157172469869,67.02500998532824
49.12074716477652,97.0304039143017,67.02867906571755
49.15677118078719,97.06937177022519,67.03209238950029
49.19279519679786,97.1084746553802,67.03525115770924
49.22881921280854,97.1477119158729,67.0381566030578
49.26484322881921,97.18708288105609,67.04080998984227
49.30086724482988,97.22658686358326,67.04321261384055
49.33689126084056,97.26622315946442,67.04536580220663
49.37291527685123,97.30599104812387,67.04727091336153
49.4089392928619,97.34588979246037,67.04892933688025
49.44496330887258,97.38591863890889,67.05034249337496
49.48098732488325,97.42607681750475,67.05151183437434
49.51701134089393,97.46636354194959,67.05243884219912
49.5530353569046,97.50677800967941,67.05312502983385
49.58905937291527,97.54731940193462,67.0535719407948
49.62508338892595,97.58798688383212,67.05378114899415
49.66110740493662,97.62877960443926,67.05375425860038
49.697131420947294,97.66969669685002,67.05349290389495
49.73315543695797,97.71073727826297,67.05299874912508
49.76917945296864,97.75190045006127,67.052273488353
49.805203468979315,97.79318529789474,67.0513188453013
49.84122748498999,97.83459089176378,67.05013657319468
49.877251501000664,97.87611628610529,67.04872845459795
49.913275517011336,97.91776051988057,67.0470963012503
49.949299533022014,97.9595226166652,67.04524195389608
49.985323549032685,98.0014015847407,67.04316728211157
50.02134756504336,98.04339641718838,67.04087418412857
50.057371581054035,98.0855060919848,67.03836458665393
50.093395597064706,98.12772957209953,67.03564044468577
50.12941961307538,98.17006580559436,67.03270374132595
50.165443629086056,98.21251372572488,67.02955648758899
50.20146764509673,98.25507225104356,67.02620072220742
50.237491661107406,98.29774028550497,67.0226385114337
50.27351567711808,98.34051671857273,67.01887194883841
50.30953969312875,98.38340042532835,67.01490315510509
50.34556370913943,98.42639026658196,67.01073427782151
50.3815877251501,98.46948508898487,67.00636749126755
50.41761174116077,98.5126837251439,67.00180499619954
50.45363575717145,98.55598499373767,66.99704901963122
50.48965977318212,98.59938769963445,66.99210181461129
50.52568378919279,98.6428906340121,66.98696565999751
50.56170780520347,98.6864925744796,66.98164286022757
50.59773182121414,98.7301922852004,66.9761357450865
50.63375583722481,98.77398851701759,66.97044666947069
50.66977985323549,98.81788000758074,66.9645780131489
50.70580386924616,98.8618654814745,66.95853218051958
50.74182788525683,98.90594365034897,66.95231160036539
50.77785190126751,98.95011321305176,66.94591872560403
50.81387591727818,98.99437285576168,66.93935603303626
50.84989993328885,99.03872125212426,66.93262602309048
50.88592394929953,99.0831570633888,66.9257312195643
50.9219479653102,99.12767893854718,66.91867416936292
50.95797198132088,99.17228551447423,66.9114574422344
50.99399599733155,99.2169754160698,66.90408363050184
51.030020013342224,99.26174725640251,66.89655534879269
51.0660440293529,99.30659963685486,66.88887523376467
51.10206804536357,99.35153114727022,66.88104594382906
51.138092061374245,99.39654036610119,66.8730701588709
51.17411607738492,99.44162586055964,66.86495057996608
51.210140093395594,99.4867861867682,66.85668992909581
51.246164109406266,99.53201988991333,66.84829094885806
51.282188125416944,99.57732550439997,66.83975640217606
51.318212141427615,99.62270155400743,66.83108907200416
51.35423615743829,99.66814655204715,66.82229176103083
51.390260173448965,99.71365900152159,66.81336729137885
51.426284189459636,99.75923739528469,66.80431850430281
51.46230820547031,99.8048802162038,66.79514825988394
51.498332221480986,99.85058593732299,66.78585943672225
51.53435623749166,99.89635302202772,66.77645493162602
51.57038025350233,99.94217992421093,66.7669376592987
51.60640426951301,99.98806508844051,66.7573105520233
51.64242828552368,100.034006950128,66.7475765593441
51.67845230153436,100.08000393569885,66.73773864774606
51.71447631754503,100.1260544627637,66.72779980033162
51.7505003335557,100.17215694029116,66.71776301649506
51.78652434956638,100.21830976878181,66.70763131159457
51.82254836557705,100.26451134044333,66.69740771662187
51.85857238158772,100.31076003936717,66.68709527786952
51.8945963975984,100.35705424170602,66.67669705659597
51.93062041360907,100.40339231585283,66.66621612868832
51.96664442961974,100.44977262262081,66.65565558432286
52.00266844563042,100.49619351542472,66.6450185276234
52.03869246164109,100.54265334046312,66.63430807631767
52.07471647765176,100.58915043690193,66.62352736139114
52.11074049366244,100.635683137059,66.61267952673933
52.14676450967311,100.68224976658972,66.60176772881765
52.18278852568378,100.72884864467375,66.59079513628949
52.21881254169446,100.77547808420283,66.57976492967228
52.25483655770513,100.8221363919694,66.56868030098155
52.29086057371581,100.86882186885657,66.55754445337323
52.32688458972648,100.91553281002871,66.54636060078413
52.362908605737154,100.96226750512315,66.53513196757044
52.39893262174783,101.00902423844295,66.52386178814463
52.4349566377585,101.05580128915025,66.51255330661061
52.470980653769175,101.10259693146087,66.50120977639716
52.50700466977985,101.14940943483954,66.48983445988974
52.543028685790524,101.19623706419605,66.47843062806064
52.579052701801196,101.24307808008231,66.46700156009777
52.615076717811874,101.28993073888998,66.45555054303163
52.651100733822545,101.3367932930492,66.44408087136112
52.68712474983322,101.38366399122786,66.43259584667767
52.723148765843895,101.43054107853166,66.42109877728807
52.759172781854566,101.4774227967049,66.409592977836
52.79519679786524,101.52430738433193,66.39808176892221
52.831220813875916,101.5711930770394,66.38656847672338
52.86724482988659,101.61807810769889,66.37505643260982
52.90326884589726,101.66496070663052,66.36354897276203
52.93929286190794,101.71183910180685,66.35204943778601
52.97531687791861,101.7587115190575,66.34056117232757
53.01134089392929,101.80557618227434,66.3290875246856
53.04736490993996,101.85243131361719,66.31763184642425
53.08338892595063,101.89927513371998,66.30619749198418
53.11941294196131,101.94610586189748,66.29478781829296
53.15543695797198,101.99292171635241,66.28340618437461
53.19146097398265,102.03972091438311,66.27205595095809
53.22748498999333,102.08650167259141,66.2607404800853
53.263509006004,102.13326220709116,66.24946313471818
53.29953302201467,102.18000073371692,66.23822727834518
53.33555703802535,102.2267154682331,66.22703627458695
53.37158105403602,102.27340462654334,66.21589348680169
53.40760507004669,102.32006642490029,66.20480227768962
53.44362908605737,102.36669908011558,66.19376600889726
53.47965310206804,102.41330080977002,66.18278804062099
53.51567711807871,102.45986983242412,66.17187173121026
53.55170113408939,102.50640436782875,66.1610204367706
53.58772515010006,102.55290263713593,66.15023751076598
53.623749166110734,102.59936286310977,66.13952630362124
53.65977318212141,102.6457832703378,66.12889016232397
53.695797198132084,102.69216208544184,66.11833243002643
53.73182121414276,102.73849753728956,66.1078564456472
53.76784523015343,102.78478785720571,66.09746554347284
53.803869246164105,102.83103127918348,66.0871630527593
53.83989326217478,102.87722604009582,66.07695229733363
53.875917278185455,102.92337037990688,66.06683659519548
53.911941294196126,102.96946254188319,66.0568192581188
53.947965310206804,103.01550077280496,66.04690359125362
53.983989326217475,103.06148332317714,66.03709289272815
54.02001334222815,103.10740844744046,66.02739045325097
54.056037358238825,103.1532744041822,66.01779955571347
54.0920613742495,103.19907945634694,66.00832347479285
54.12808539026017,103.24482187144699,65.99896547655514
54.164109406270846,103.29049992177269,65.9897288180591
54.20013342228152,103.33611188460232,65.98061674696007
54.23615743829219,103.38165604241192,65.97163250111474
54.27218145430287,103.42713068308467,65.96277930818631
54.30820547031354,103.47253410011997,65.95406038525026
54.34422948632421,103.51786459284233,65.9454789384008
54.38025350233489,103.56312046660959,65.93703816235801
54.41627751834556,103.608300033021,65.92874124007587
54.45230153435624,103.65340161012475,65.92059134235076
54.48832555036691,103.69842352262512,65.91259162743123
54.52434956637758,103.74336410208906,65.90474524062819
54.56037358238826,103.78822168715246,65.89705531392659
54.59639759839893,103.83299462372553,65.88952496559752
54.6324216144096,103.87768126519813,65.88215729981178
54.66844563042028,103.92227997264419,65.87495540625427
54.70446964643095,103.96678911502543,65.8679223597397
54.74049366244162,104.01120706939491,65.86106121982928
54.7765176784523,104.05553222109951,65.85437503044875
54.81254169446297,104.09976296398186,65.8478668195077
54.84856571047364,104.14389770058168,65.84153959852011
54.88458972648432,104.18793484233629,65.83539636222635
54.92061374249499,104.23187280978038,65.82944008821642
54.956637758505664,104.27571003274505,65.82367373655494
54.99266177451634,104.31944495055605,65.8181002494073
55.028685790527014,104.36307601223109,65.8127225506676
55.064709806537685,104.40660167667659,65.8075435455881
55.100733822548364,104.4500204128831,65.80256612041028
55.136757838559035,104.49333070012042,65.79779314199757
55.17278185456971,104.53653102813118,65.79322745746994
55.208805870580385,104.57961989732394,65.78887189384015
55.244829886591056,104.62259581896517,65.78472925765173
55.280853902601734,104.66545731537016,65.78080233461914
55.316877918612406,104.70820292009306,65.77709388926945
55.35290193462308,104.75083117811573,65.77360666458628
55.388925950633755,104.79334064603572,65.77034338165562
55.42494996664443,104.83572989225294,65.76730673931363
55.4609739826551,104.87799749715548,65.76449941379661
55.496997998665776,104.92014205330399,65.76192405839318
55.53302201467645,104.96216216561521,65.75958330309848
55.56904603068712,105.00405645154416,65.75747975427065
55.6050700466978,105.0458235412651,65.7556159942896
55.64109406270847,105.08746207785131,65.75399458121807
55.67711807871914,105.1289707174538,65.75261804846508
55.71314209472982,105.1703481294783,65.75148890445172
55.74916611074049,105.21159299676151,65.75060963227932
55.78519012675117,105.2527040157456,65.74998268940027
55.82121414276184,105.29367989665161,65.74961050729125
55.85723815877251,105.33451936365137,65.74949549112907
55.89326217478319,105.37522115503812,65.74964001946893
55.92928619079386,105.41578402339564,65.75004644392568
55.96531020680453,105.4562067357661,65.75071708885751
56.00133422281521,105.49648807381625,65.75165425105241
56.03735823882588,105.5366268340023,65.7528601994174
56.07338225483655,105.57662182773333,65.75433717467067
56.10940627084723,105.61647188153297,65.75608738903647
56.1454302868579,105.65617583719984,65.7581130259429
56.18145430286857,105.69573255196623,65.76041623972273
56.21747831887925,105.73514089865525,65.76299915531698
56.25350233488992,105.7743997658364,65.76586386798178
56.289526350900594,105.81350805797959,65.76901244299808
56.32555036691127,105.85246469560732,65.77244691538456
56.361574382921944,105.89126861544545,65.77616928961353
56.397598398932615,105.92991877057214,65.78018153933024
56.433622414943294,105.9684141305651,65.78448560707506
56.469646430953965,106.00675368164713,65.78908340400918
56.50567044696464,106.04493642683,65.79397680964354
56.541694462975315,106.08296138605651,65.79916767157086
56.577718478985986,106.12082759634069,65.80465780520132
56.613742494996664,106.15853411190639,65.8104489935014
56.649766511007336,106.19608000432387,65.8165429867363
56.68579052701801,106.23346436264468,65.82294150221563
56.721814543028685,106.2706862935347,65.82964622404288
56.75783855903936,106.30774492140509,65.836658802868
56.79386257505003,106.34463938854174,65.84398085564403
56.829886591060706,106.38136885523238,65.85161396538692
56.86591060707138,106.41793249989216,65.85955968093917
56.90193462308205,106.45432951918696,65.86781951673709
56.93795863909273,106.49055912815496,65.8763949525818
56.9739826551034,106.52662056032611,65.88528743341392
57.01000667111407,106.56251306783973,65.8944983690919
57.04603068712475,106.59823592155996,65.90402913417444
57.08205470313542,106.63378841118926,65.91388106770636
57.11807871914609,106.66916984537983,65.92405547300866
57.15410273515677,106.70437955184306,65.93455361747225
57.19012675116744,106.73941687745676,65.9453767323556
57.22615076717812,106.77428118837045,65.95652601258648
57.26217478318879,106.8089718701084,65.96800261656756
57.29819879919946,106.84348832767063,65.97980766598597
57.33422281521014,106.87782998563188,65.991942245627
57.37024683122081,106.9119962882381,66.00440740319178
57.40627084723148,106.94598669950115,66.01720414911908
57.44229486324216,106.9798007032911,66.03033345641121
57.47831887925283,107.01343780342637,66.043796260464
57.5143428952635,107.04689752376171,66.05759345890114
57.55036691127418,107.08017940827392,66.07172591141236
57.58639092728485,107.11328302114529,66.08619443959618
57.622414943295524,107.14620794684495,66.10099982680678
57.6584389593062,107.17895379020777,66.11614281800495
57.694462975316874,107.21152017651109,66.13162411961356
57.730486991327545,107.24390675154912,66.14744439937733
57.766511007338224,107.27611318170514,66.16360428622681
57.802535023348895,107.3081391540212,66.18010437014668
57.838559039359566,107.33998437626568,66.19694520204868
57.874583055370245,107.37164857699848,66.21412729364864
57.910607071380916,107.40313150563372,66.23165111734818
57.946631087391594,107.43443293250033,66.24951710612066
57.982655103402266,107.46555264889999,66.2677256534017
58.01867911941294,107.496490467163,66.28627711298411
58.054703135423615,107.5272462207015,66.30517179891743
58.09072715143429,107.55781976406044,66.3244099854119
58.12675116744496,107.5882109729661,66.34399190674688
58.162775183455636,107.6184197443722,66.3639177571841
58.19879919946631,107.6484459965036,66.38418769088511
58.23482321547698,107.67828966889746,66.40480182183371
58.27084723148766,107.70795072244226,66.4257602237626
58.30687124749833,107.7374291394139,66.44706293008495
58.342895263509,107.7667249235098,66.46870993383047
58.37891927951968,107.79583809988026,66.4907011875861
58.41494329553035,107.82476871515743,66.51303660344144
58.45096731154102,107.8535168374818,66.53571605293878
58.4869913275517,107.88208255652626,66.55873936702793
58.52301534356237,107.91046598351743,66.58210633602555
58.55903935957305,107.93866725125488,66.60581670957947
58.59506337558372,107.96668651412756,66.62987019663747
58.63108739159439,107.9945239481277,66.6542664654209
58.66711140760507,108.02217975086242,66.67900514340315
58.70313542361574,108.04965414156256,66.70408581729261
58.73915943962641,108.07694736108924,66.72950803302072
58.77518345563709,108.10405967193766,66.7552712957345
58.81120747164776,108.1309913582385,66.78137506979401
58.84723148765843,108.15774272575672,66.80781877877459
58.88325550366911,108.1843141018879,66.83460180547388
58.91927951967978,108.21070583565191,66.86172349192354
58.955303535690454,108.2369182976841,66.889183139406
58.99132755170113,108.26295188022402,66.91698000847575
59.027351567711804,108.28880699710142,66.94511331898565
59.063375583722475,108.31448408371976,66.97358225011799
59.099399599733154,108.33998359703727,67.00238594042034
59.135423615743825,108.36530601554531,67.03152348784626
59.171447631754496,108.39045183924415,67.06099394980083
59.207471647765175,108.41542158961639,67.09079634319106
59.243495663775846,108.44021580959756,67.120929644481
59.279519679786524,108.4648350635444,67.15139278975181
59.315543695797196,108.4892799372003,67.18218467476659
59.35156771180787,108.51355103765849,67.21330415504015
59.387591727818545,108.53764899332242,67.2447500459134
59.42361574382922,108.56157445386376,67.2765211226328
59.45963975983989,108.58532809017757,67.30861612043444
59.495663775850566,108.60891059433533,67.34103373463314
59.53168779186124,108.63232267953498,67.37377262071617
59.56771180787191,108.65556508004872,67.40683139444195
59.60373582388259,108.67863855116809,67.44020863194348
59.63975983989326,108.70154386914655,67.47390286983652
59.67578385590393,108.72428183113948,67.5079126053328
59.71180787191461,108.74685325514173,67.54223629635773
59.74783188792528,108.76925897992254,67.57687236167305
59.78385590393595,108.79149986495791,67.61181918100435
59.81987991994663,108.81357679036057,67.64707509517318
59.8559039359573,108.83549065680721,67.682638406234
59.89192795196797,108.8572423854634,67.71850737761598
59.92795196797865,108.87883291790585,67.75468023426936
59.96397598398932,108.90026321604225,67.79115516281672
60.0,108.92153426202849,67.82793031170893
